-- phpMyAdmin SQL Dump
-- version 5.2.0
-- https://www.phpmyadmin.net/
--
-- Host: 127.0.0.1
-- Generation Time: Jun 19, 2023 at 04:32 PM
-- Server version: 10.4.27-MariaDB
-- PHP Version: 8.2.0

SET SQL_MODE = "NO_AUTO_VALUE_ON_ZERO";
START TRANSACTION;
SET time_zone = "+00:00";


/*!40101 SET @OLD_CHARACTER_SET_CLIENT=@@CHARACTER_SET_CLIENT */;
/*!40101 SET @OLD_CHARACTER_SET_RESULTS=@@CHARACTER_SET_RESULTS */;
/*!40101 SET @OLD_COLLATION_CONNECTION=@@COLLATION_CONNECTION */;
/*!40101 SET NAMES utf8mb4 */;

--
-- Database: `investment`
--

-- --------------------------------------------------------

--
-- Table structure for table `assets`
--

CREATE TABLE `assets` (
  `id` int(11) NOT NULL,
  `number` int(11) NOT NULL,
  `name` varchar(250) NOT NULL,
  `address` varchar(256) NOT NULL,
  `contract_cost` float DEFAULT NULL,
  `contract_period` varchar(64) DEFAULT NULL,
  `status` tinyint(1) NOT NULL,
  `note` varchar(512) DEFAULT NULL,
  `city_id` int(11) NOT NULL,
  `assets_type_id` int(11) NOT NULL,
  `contract_type_id` int(11) DEFAULT NULL,
  `created_at` timestamp NULL DEFAULT NULL,
  `updated_at` timestamp NULL DEFAULT NULL
) ENGINE=InnoDB DEFAULT CHARSET=utf8mb4 COLLATE=utf8mb4_general_ci;

--
-- Dumping data for table `assets`
--

INSERT INTO `assets` (`id`, `number`, `name`, `address`, `contract_cost`, `contract_period`, `status`, `note`, `city_id`, `assets_type_id`, `contract_type_id`, `created_at`, `updated_at`) VALUES
(1, 27, 'محل', 'مول سوان (1) طريق السادات  بمدينة أسوان الدور العلوي', NULL, NULL, 1, 'هنيتبث', 1, 1, 3, '2023-05-24 08:27:55', '2023-05-28 05:41:11'),
(2, 22, 'محل', 'مول سوان (1) طريق السادات  بمدينة أسوان', NULL, NULL, 1, NULL, 1, 1, 3, '2023-05-31 06:08:46', '2023-05-31 06:15:47'),
(3, 1, 'محل', 'مول سوان (1) طريق السادات  بمدينة أسوان', NULL, NULL, 1, NULL, 1, 4, 3, '2023-05-31 06:09:58', '2023-05-31 06:19:31'),
(4, 5, 'محل', 'مول سوان (1) طريق السادات  بمدينة أسوان', NULL, NULL, 1, NULL, 1, 4, 3, '2023-05-31 06:10:25', '2023-05-31 06:21:30'),
(5, 8, 'محل', 'مول سوان (1) طريق السادات  بمدينة أسوان', NULL, NULL, 1, NULL, 1, 4, 3, '2023-05-31 06:10:55', '2023-05-31 06:24:03'),
(6, 12, 'محل', 'مول سوان (1) طريق السادات  بمدينة أسوان', NULL, NULL, 1, NULL, 1, 4, 3, '2023-05-31 06:11:18', '2023-05-31 06:13:33'),
(7, 15, 'محل', 'مول سوان (1) طريق السادات  بمدينة أسوان', NULL, NULL, 1, NULL, 1, 1, 3, '2023-05-31 06:25:52', '2023-05-31 06:31:01'),
(8, 13, 'محل', 'مول سوان (1) طريق السادات  بمدينة أسوان', NULL, NULL, 1, NULL, 1, 4, 3, '2023-05-31 06:26:16', '2023-05-31 06:33:19'),
(9, 14, 'محل', 'مول سوان (1) طريق السادات  بمدينة أسوان', NULL, NULL, 1, NULL, 1, 4, 3, '2023-05-31 06:26:43', '2023-05-31 06:36:23'),
(10, 16, 'محل', 'مول سوان (1) طريق السادات  بمدينة أسوان', NULL, NULL, 1, NULL, 1, 4, 3, '2023-05-31 06:27:11', '2023-05-31 06:40:41'),
(11, 19, 'محل', 'مول سوان (1) طريق السادات  بمدينة أسوان', NULL, NULL, 1, NULL, 1, 4, 3, '2023-05-31 06:27:41', '2023-05-31 06:55:45'),
(12, 23, 'محل', 'مول سوان (1) طريق السادات  بمدينة أسوان', NULL, NULL, 1, NULL, 1, 4, 3, '2023-05-31 06:28:04', '2023-05-31 06:58:06'),
(13, 25, 'محل', 'مول سوان (1) طريق السادات  بمدينة أسوان', NULL, NULL, 1, NULL, 1, 4, 3, '2023-05-31 06:58:44', '2023-05-31 07:06:30'),
(14, 26, 'محل', 'مول سوان (1) طريق السادات  بمدينة أسوان', NULL, NULL, 1, NULL, 1, 4, 3, '2023-05-31 06:59:03', '2023-05-31 07:10:46'),
(15, 27, 'محل', 'مول سوان (1) طريق السادات  بمدينة أسوان', NULL, NULL, 1, NULL, 1, 4, 3, '2023-05-31 06:59:23', '2023-05-31 07:12:23'),
(16, 28, 'محل', 'مول سوان (1) طريق السادات  بمدينة أسوان', NULL, NULL, 1, NULL, 1, 4, 3, '2023-05-31 06:59:43', '2023-05-31 07:14:19'),
(17, 29, 'محل', 'مول سوان (1) طريق السادات  بمدينة أسوان', NULL, NULL, 1, NULL, 1, 4, 3, '2023-05-31 07:00:06', '2023-06-01 06:24:39'),
(18, 16, 'محل', 'اسوان ميدان المحطة مول الذهب', NULL, NULL, 1, NULL, 1, 4, 3, '2023-06-01 06:19:59', '2023-06-01 06:26:27'),
(19, 5, 'محل', 'اسوان ميدان المحطة مول الذهب', NULL, NULL, 1, NULL, 1, 4, 3, '2023-06-01 06:20:22', '2023-06-19 10:36:13'),
(20, 11, 'محل', 'اسوان ميدان المحطة مول الذهب', NULL, NULL, 0, NULL, 1, 4, 3, '2023-06-01 06:20:47', '2023-06-01 06:20:47'),
(21, 23, 'محل', 'اسوان ميدان المحطة مول الذهب', NULL, NULL, 0, NULL, 1, 4, 3, '2023-06-01 06:21:36', '2023-06-01 06:21:36'),
(22, 4, 'محل', 'اسوان ميدان المحطة مول السينما', NULL, NULL, 1, NULL, 1, 4, 3, '2023-06-01 06:22:03', '2023-06-19 10:36:58'),
(23, 1, 'سوان 1', 'مول سوان (1) طريق السادات  بمدينة أسوان', NULL, NULL, 1, NULL, 1, 4, NULL, '2023-06-04 04:43:12', '2023-06-04 06:54:11'),
(24, 2, 'سوان 1', 'مول سوان (1) طريق السادات  بمدينة أسوان', NULL, NULL, 0, NULL, 1, 4, 3, '2023-06-04 04:44:10', '2023-06-04 04:44:10'),
(25, 3, 'سوان 1', 'مول سوان (1) طريق السادات  بمدينة أسوان', NULL, NULL, 0, NULL, 1, 4, 3, '2023-06-04 04:44:59', '2023-06-04 04:44:59'),
(26, 5, 'سوان 1', 'مول سوان (1) طريق السادات  بمدينة أسوان', NULL, NULL, 0, NULL, 1, 4, 3, '2023-06-04 06:42:00', '2023-06-04 06:42:00'),
(27, 6, 'سوان 1', 'مول سوان (1) طريق السادات  بمدينة أسوان', NULL, NULL, 0, NULL, 1, 4, 3, '2023-06-04 06:42:21', '2023-06-04 06:42:21'),
(28, 7, 'سوان 1', 'مول سوان (1) طريق السادات  بمدينة أسوان', NULL, NULL, 0, NULL, 1, 4, 3, '2023-06-04 06:42:42', '2023-06-04 06:42:42'),
(29, 8, 'سوان 1', 'مول سوان (1) طريق السادات  بمدينة أسوان', NULL, NULL, 1, NULL, 1, 4, 3, '2023-06-04 06:42:58', '2023-06-19 10:32:05'),
(30, 9, 'سوان 1', 'مول سوان (1) طريق السادات  بمدينة أسوان', NULL, NULL, 0, NULL, 1, 4, 3, '2023-06-04 06:43:16', '2023-06-04 06:43:16'),
(31, 10, 'سوان 1', 'مول سوان (1) طريق السادات  بمدينة أسوان', NULL, NULL, 0, NULL, 1, 4, 3, '2023-06-04 06:43:40', '2023-06-04 06:43:40'),
(32, 11, 'سوان 1', 'مول سوان (1) طريق السادات  بمدينة أسوان', NULL, NULL, 0, NULL, 1, 4, 3, '2023-06-04 06:44:00', '2023-06-04 06:44:00'),
(33, 12, 'سوان 1', 'مول سوان (1) طريق السادات  بمدينة أسوان', NULL, NULL, 0, NULL, 1, 4, 3, '2023-06-04 06:44:20', '2023-06-04 06:44:20'),
(34, 13, 'سوان 1', 'مول سوان (1) طريق السادات  بمدينة أسوان', NULL, NULL, 0, NULL, 1, 4, 3, '2023-06-04 06:44:41', '2023-06-04 06:44:41'),
(35, 14, 'سوان 1', 'مول سوان (1) طريق السادات  بمدينة أسوان', NULL, NULL, 0, NULL, 1, 4, 3, '2023-06-04 06:44:59', '2023-06-04 06:44:59'),
(36, 15, 'سوان 1', 'مول سوان (1) طريق السادات  بمدينة أسوان', NULL, NULL, 0, NULL, 1, 4, 3, '2023-06-04 06:45:22', '2023-06-04 06:45:22'),
(37, 16, 'سوان 1', 'مول سوان (1) طريق السادات  بمدينة أسوان', NULL, NULL, 0, NULL, 1, 4, 3, '2023-06-04 06:45:40', '2023-06-04 06:45:40'),
(38, 17, 'سوان 1', 'مول سوان (1) طريق السادات  بمدينة أسوان', NULL, NULL, 0, NULL, 1, 4, 3, '2023-06-04 06:45:58', '2023-06-04 06:45:58'),
(39, 17, 'سوان 1', 'مول سوان (1) طريق السادات  بمدينة أسوان', NULL, NULL, 0, NULL, 1, 4, 3, '2023-06-04 06:46:19', '2023-06-04 06:46:19'),
(40, 17, 'سوان 1', 'مول سوان (1) طريق السادات  بمدينة أسوان', NULL, NULL, 0, NULL, 1, 4, 3, '2023-06-04 06:46:45', '2023-06-04 06:46:45'),
(41, 18, 'سوان 1', 'مول سوان (1) طريق السادات  بمدينة أسوان', NULL, NULL, 0, NULL, 1, 4, 3, '2023-06-04 06:47:06', '2023-06-04 06:47:06'),
(42, 19, 'سوان 1', 'مول سوان (1) طريق السادات  بمدينة أسوان', NULL, NULL, 0, NULL, 1, 4, 3, '2023-06-04 06:47:25', '2023-06-04 06:47:25'),
(43, 20, 'سوان 1', 'مول سوان (1) طريق السادات  بمدينة أسوان', NULL, NULL, 0, NULL, 1, 4, 3, '2023-06-04 06:47:43', '2023-06-04 06:47:43'),
(44, 21, 'سوان 1', 'مول سوان (1) طريق السادات  بمدينة أسوان', NULL, NULL, 0, NULL, 1, 4, 3, '2023-06-04 06:48:09', '2023-06-04 06:48:09');

-- --------------------------------------------------------

--
-- Table structure for table `assets_type`
--

CREATE TABLE `assets_type` (
  `id` int(11) NOT NULL,
  `name` varchar(50) NOT NULL,
  `created_at` timestamp NULL DEFAULT NULL,
  `updated_at` timestamp NULL DEFAULT NULL
) ENGINE=InnoDB DEFAULT CHARSET=utf8mb4 COLLATE=utf8mb4_general_ci;

--
-- Dumping data for table `assets_type`
--

INSERT INTO `assets_type` (`id`, `name`, `created_at`, `updated_at`) VALUES
(1, 'عقارات', '2023-05-22 09:10:26', '2023-05-22 09:10:26'),
(2, 'حق انتفاع', '2023-05-22 09:12:02', '2023-05-22 09:12:02'),
(3, 'ولاية محافظة', '2023-05-23 04:50:44', '2023-05-23 04:50:44'),
(4, 'محلات', '2023-05-31 06:09:23', '2023-05-31 06:09:23');

-- --------------------------------------------------------

--
-- Table structure for table `auction`
--

CREATE TABLE `auction` (
  `id` int(11) NOT NULL,
  `name` varchar(50) NOT NULL,
  `date` date NOT NULL,
  `label` varchar(250) NOT NULL,
  `note` varchar(256) DEFAULT NULL,
  `created_at` timestamp NULL DEFAULT NULL,
  `updated_at` timestamp NULL DEFAULT NULL
) ENGINE=InnoDB DEFAULT CHARSET=utf8mb4 COLLATE=utf8mb4_general_ci;

--
-- Dumping data for table `auction`
--

INSERT INTO `auction` (`id`, `name`, `date`, `label`, `note`, `created_at`, `updated_at`) VALUES
(1, 'مزاد مارس 2021', '2021-03-15', 'طرح بعد الاصول المملوكة للمحافظة بالمزاد العلني', 'تم طرح محلات بــ مول سوان 1 - وحدات سكنية  بــ عمارة 4 بالاسكان المميز', '2023-05-22 08:01:53', '2023-06-04 05:22:42'),
(2, 'مزاد اكتوبر / نوفمبر 2022  ( جلسة 30/ 10 / 2022 )', '2022-10-30', 'طرح بعد الاصول المملوكة للمحافظة بالمزاد العلني', 'تم طرح  3 ورش بالمنطقة الصناعية بالعلاقي - محلات بــ مول الذهب', '2023-05-22 08:15:01', '2023-06-04 05:39:25'),
(3, 'مزاد مارس 2023 ( جلسة 14/ 3/ 2023 )', '2023-03-14', 'طرح بعد الاصول المملوكة للمحافظة بالمزاد العلني', 'تم طرح  كافيتريا حديقة فريال -  و 3 ورش بالمنطقة الصناعية بالعلاقي', '2023-06-04 04:56:12', '2023-06-04 06:19:01'),
(4, 'مزاد يونيه 2022', '2022-06-14', 'طرح بعد الاصول المملوكة للمحافظة بالمزاد العلني', 'طرح : إيجار محلات بــ مول اكتوبر اسكوير - محلات بــ مول سوان 2 - 2مقصف بــ حديقة درة النيل - 2 ساحة انتظار بــ حديقة درة النيل -', '2023-06-04 05:03:09', '2023-06-04 05:03:09'),
(5, 'مزاد اكتوبر / نوفمبر 2022  ( جلسة 31/ 10 / 2022 )', '2022-10-31', 'طرح بعد الاصول المملوكة للمحافظة بالمزاد العلني', 'تم طرح محلات بــ مول سوان 1', '2023-06-04 05:24:13', '2023-06-04 05:28:58'),
(6, 'مزاد اكتوبر / نوفمبر 2022  ( جلسة 1/ 11/ 2022 )', '2022-11-01', 'طرح بعد الاصول المملوكة للمحافظة بالمزاد العلني', 'تم طرح  وحدات سكنية بــ عمارة 127', '2023-06-04 05:26:01', '2023-06-04 05:28:39'),
(7, 'مزاد اكتوبر / نوفمبر 2022  ( جلسة 2/ 11/ 2022 )', '2022-11-02', 'طرح بعد الاصول المملوكة للمحافظة بالمزاد العلني', 'تم طرح محلات بــ مول اكتوبر اسكوير', '2023-06-04 05:33:14', '2023-06-04 05:33:14'),
(8, 'مزاد اكتوبر / نوفمبر 2022  ( جلسة 5/ 11/ 2022 )', '2022-11-05', 'طرح بعد الاصول المملوكة للمحافظة بالمزاد العلني', 'تم طرح  عمارة اسيوط -', '2023-06-04 05:34:00', '2023-06-04 05:34:00'),
(9, 'مزاد اكتوبر / نوفمبر 2022  ( جلسة 6/ 11/ 2022 )', '2022-11-06', 'طرح بعد الاصول المملوكة للمحافظة بالمزاد العلني', 'تم طرح محلات بـــ سويقة دراو  الجديدة - و محلات بـ ميني مول اللوتس', '2023-06-04 05:34:51', '2023-06-04 05:36:56'),
(10, 'مزاد اكتوبر / نوفمبر 2022  ( جلسة 7/ 11/ 2022 )', '2022-11-07', 'طرح بعد الاصول المملوكة للمحافظة بالمزاد العلني', 'تم طرح كافيتريا السوق السياحي', '2023-06-04 05:36:03', '2023-06-04 05:36:03'),
(11, 'مزاد يونيه 2022 ( جلسة 22/ 6/ 2022 )', '2022-06-22', 'طرح بعد الاصول المملوكة للمحافظة بالمزاد العلني', 'تم طرح محلات بــ سويقة دراو الجديدة  ـــ  و محلات بــ مبني عمر افندي بــ مدينة كوم امبو', '2023-06-04 05:48:45', '2023-06-04 05:48:45'),
(12, 'مزاد اكتوبر 2021 ( جلسة 10/ 10 / 2021)', '2021-10-10', 'طرح بعد الاصول المملوكة للمحافظة بالمزاد العلني', 'تم طرح محلات بــ مول الذهب', '2023-06-04 05:55:08', '2023-06-04 05:55:08'),
(13, 'مزاد اكتوبر 2021 ( جلسة 11/ 10 / 2021)', '2021-10-11', 'طرح بعد الاصول المملوكة للمحافظة بالمزاد العلني', 'تم طرح محلات بــ مول السينما -  محلات بــ مبني عمر افندي بــ مدينة كوم امبو - و محلات بــ سويقة دراو الجديدة بــ مدينة دراو', '2023-06-04 05:57:14', '2023-06-04 06:00:33'),
(14, 'مزاد اكتوبر 2021 ( جلسة 12/ 10 / 2021)', '2021-10-12', 'طرح بعد الاصول المملوكة للمحافظة بالمزاد العلني', 'تم طرح محلات بــ مول اكتوبر اسكوير', '2023-06-04 05:58:19', '2023-06-04 05:58:19'),
(15, 'مزاد اكتوبر 2021 ( جلسة 13/ 10 / 2021)', '2021-10-13', 'طرح بعد الاصول المملوكة للمحافظة بالمزاد العلني', 'تم طرح كافيتريا ومحلات بــ مول ســوان 1', '2023-06-04 05:59:22', '2023-06-04 05:59:22'),
(16, 'مزاد اكتوبر 2021 ( جلسة 14/ 10 / 2021)', '2021-10-14', 'طرح بعد الاصول المملوكة للمحافظة بالمزاد العلني', 'تم طرح حديقة الصداقة بــ حي الصداقة الجديدة', '2023-06-04 06:03:48', '2023-06-04 06:03:48'),
(17, 'مزاد مارس 2023 ( جلسة 15/ 3/ 2023 )', '2023-03-15', 'طرح بعد الاصول المملوكة للمحافظة بالمزاد العلني', 'طرح قطعة أرض بــ مدينة نصر النوبة', '2023-06-04 06:14:31', '2023-06-04 06:15:04'),
(18, 'مزاد مارس 2023 ( جلسة 16/ 3/ 2023 )', '2023-03-16', 'طرح بعد الاصول المملوكة للمحافظة بالمزاد العلني', 'طرح محلات بــ مبني عمر افندي بــ مدينة كوم أمبو', '2023-06-04 06:16:42', '2023-06-04 06:16:42'),
(19, 'مزاد مارس 2023 ( جلسة 18/ 3/ 2023 )', '2023-03-18', 'طرح بعد الاصول المملوكة للمحافظة بالمزاد العلني', 'تم طرح محلات تجارية بــ مول ســ وان 1 - و وحدات سكنية بالعمارة 119 بحي اللوتس', '2023-06-04 06:37:48', '2023-06-04 06:37:48'),
(20, 'مزاد مارس 2023 ( جلسة 19/ 3/ 2023 )', '2023-03-19', 'طرح بعد الاصول المملوكة للمحافظة بالمزاد العلني', 'تم طرح محلات بــ مول الذهب - و محل بـ ميني مول اللوتس', '2023-06-04 06:39:01', '2023-06-04 06:39:01'),
(21, 'مزاد مارس 2023 ( جلسة 20/ 3/ 2023 )', '2023-03-20', 'طرح بعد الاصول المملوكة للمحافظة بالمزاد العلني', 'تم طرح محلات بــ مول اكتوبر اسكوير - و قطعة ارض لإقامة مدرسة بــ حي اللوتس', '2023-06-04 06:40:28', '2023-06-04 06:40:28');

-- --------------------------------------------------------

--
-- Table structure for table `category`
--

CREATE TABLE `category` (
  `id` int(11) NOT NULL,
  `name` varchar(50) NOT NULL,
  `created_at` timestamp NULL DEFAULT NULL,
  `updated_at` timestamp NULL DEFAULT NULL
) ENGINE=InnoDB DEFAULT CHARSET=utf8mb4 COLLATE=utf8mb4_general_ci;

--
-- Dumping data for table `category`
--

INSERT INTO `category` (`id`, `name`, `created_at`, `updated_at`) VALUES
(1, 'صناعي', '2023-05-07 08:34:09', '2023-05-07 08:34:09'),
(2, 'زراعي', '2023-05-11 11:00:58', '2023-05-11 11:00:58'),
(3, 'سياحي', '2023-05-11 11:01:07', '2023-05-11 11:01:07'),
(4, 'خدمي', '2023-05-11 11:01:15', '2023-05-11 11:01:15');

-- --------------------------------------------------------

--
-- Table structure for table `city`
--

CREATE TABLE `city` (
  `id` int(11) NOT NULL,
  `name` varchar(50) NOT NULL,
  `gov_id` int(11) NOT NULL,
  `created_at` timestamp NULL DEFAULT NULL,
  `updated_at` timestamp NULL DEFAULT NULL
) ENGINE=InnoDB DEFAULT CHARSET=utf8mb4 COLLATE=utf8mb4_general_ci;

--
-- Dumping data for table `city`
--

INSERT INTO `city` (`id`, `name`, `gov_id`, `created_at`, `updated_at`) VALUES
(1, 'اسوان', 1, '2023-05-07 06:58:13', '2023-05-07 06:58:13'),
(2, 'دراو', 1, '2023-05-07 06:58:24', '2023-05-07 06:58:24'),
(3, 'كوم امبو', 1, '2023-05-07 06:58:39', '2023-05-07 06:58:39'),
(4, 'نصر النوبة', 1, '2023-05-07 06:58:48', '2023-05-07 06:58:48'),
(5, 'ادفو', 1, '2023-05-07 06:59:00', '2023-05-07 06:59:00'),
(8, 'السباعية', 1, '2023-05-16 09:06:03', '2023-05-16 09:06:03'),
(9, 'مدينة ابو سمبل السياحية', 1, '2023-05-23 09:45:51', '2023-05-23 09:45:51');

-- --------------------------------------------------------

--
-- Table structure for table `contract_type`
--

CREATE TABLE `contract_type` (
  `id` int(11) NOT NULL,
  `name` varchar(50) NOT NULL,
  `created_at` timestamp NULL DEFAULT NULL,
  `updated_at` timestamp NULL DEFAULT NULL
) ENGINE=InnoDB DEFAULT CHARSET=utf8mb4 COLLATE=utf8mb4_general_ci;

--
-- Dumping data for table `contract_type`
--

INSERT INTO `contract_type` (`id`, `name`, `created_at`, `updated_at`) VALUES
(1, 'عقارات', '2023-05-22 09:11:20', '2023-05-22 09:11:20'),
(2, 'ايجار', '2023-05-22 09:11:35', '2023-05-22 09:11:35'),
(3, 'بيع', '2023-05-22 09:11:42', '2023-05-22 09:11:42');

-- --------------------------------------------------------

--
-- Table structure for table `c_license`
--

CREATE TABLE `c_license` (
  `category_id` int(11) NOT NULL,
  `license_id` int(11) NOT NULL,
  `created_at` timestamp NULL DEFAULT NULL,
  `updated_at` timestamp NULL DEFAULT NULL
) ENGINE=InnoDB DEFAULT CHARSET=utf8mb4 COLLATE=utf8mb4_general_ci;

--
-- Dumping data for table `c_license`
--

INSERT INTO `c_license` (`category_id`, `license_id`, `created_at`, `updated_at`) VALUES
(1, 1, '2023-05-07 08:35:38', '2023-05-07 08:35:38'),
(1, 2, '2023-05-07 08:35:38', '2023-05-07 08:35:38'),
(1, 10, '2023-05-07 08:35:38', '2023-05-07 08:35:38'),
(1, 12, '2023-05-07 08:35:38', '2023-05-07 08:35:38'),
(1, 16, '2023-05-07 08:35:38', '2023-05-07 08:35:38'),
(1, 19, '2023-05-07 08:35:38', '2023-05-07 08:35:38'),
(1, 23, '2023-05-14 11:31:48', '2023-05-14 11:31:48'),
(2, 1, '2023-05-15 06:20:54', '2023-05-15 06:20:54');

-- --------------------------------------------------------

--
-- Table structure for table `export`
--

CREATE TABLE `export` (
  `id` int(11) NOT NULL,
  `export_id` int(11) NOT NULL,
  `export_name` varchar(255) NOT NULL,
  `export_side` varchar(255) NOT NULL,
  `export_date` date NOT NULL,
  `state` bit(1) NOT NULL DEFAULT b'1',
  `export_note` varchar(255) NOT NULL,
  `export_file` varchar(255) NOT NULL,
  `created_at` timestamp NULL DEFAULT NULL,
  `updated_at` timestamp NULL DEFAULT NULL
) ENGINE=InnoDB DEFAULT CHARSET=utf8mb4 COLLATE=utf8mb4_general_ci;

-- --------------------------------------------------------

--
-- Table structure for table `failed_jobs`
--

CREATE TABLE `failed_jobs` (
  `id` bigint(20) UNSIGNED NOT NULL,
  `uuid` varchar(255) NOT NULL,
  `connection` text NOT NULL,
  `queue` text NOT NULL,
  `payload` longtext NOT NULL,
  `exception` longtext NOT NULL,
  `failed_at` timestamp NOT NULL DEFAULT current_timestamp()
) ENGINE=InnoDB DEFAULT CHARSET=utf8mb4 COLLATE=utf8mb4_unicode_ci;

-- --------------------------------------------------------

--
-- Table structure for table `gov`
--

CREATE TABLE `gov` (
  `id` int(11) NOT NULL,
  `name` varchar(50) NOT NULL,
  `created_at` timestamp NULL DEFAULT NULL,
  `updated_at` timestamp NULL DEFAULT NULL
) ENGINE=InnoDB DEFAULT CHARSET=utf8mb4 COLLATE=utf8mb4_general_ci;

--
-- Dumping data for table `gov`
--

INSERT INTO `gov` (`id`, `name`, `created_at`, `updated_at`) VALUES
(1, 'أسوان', '2023-05-07 06:57:24', '2023-05-07 06:57:24');

-- --------------------------------------------------------

--
-- Table structure for table `import`
--

CREATE TABLE `import` (
  `id` int(11) NOT NULL,
  `import_id` int(11) DEFAULT NULL,
  `import_name` varchar(255) DEFAULT NULL,
  `import_side` varchar(255) DEFAULT NULL,
  `import_date` date DEFAULT NULL,
  `import_note` varchar(255) DEFAULT NULL,
  `state` bit(1) NOT NULL DEFAULT b'1',
  `import_file` varchar(255) NOT NULL,
  `created_at` timestamp NULL DEFAULT NULL,
  `updated_at` timestamp NULL DEFAULT NULL
) ENGINE=InnoDB DEFAULT CHARSET=utf8mb4 COLLATE=utf8mb4_general_ci;

-- --------------------------------------------------------

--
-- Table structure for table `license`
--

CREATE TABLE `license` (
  `id` int(11) NOT NULL,
  `name` varchar(50) NOT NULL,
  `created_at` timestamp NULL DEFAULT NULL,
  `updated_at` timestamp NULL DEFAULT NULL
) ENGINE=InnoDB DEFAULT CHARSET=utf8mb4 COLLATE=utf8mb4_general_ci;

--
-- Dumping data for table `license`
--

INSERT INTO `license` (`id`, `name`, `created_at`, `updated_at`) VALUES
(1, 'ادارة املاك الدولة الخاصة', '2023-05-07 07:25:49', '2023-05-07 07:25:49'),
(2, 'الوحدة المحلية لمدينة ومركز اسوان', '2023-05-07 07:26:06', '2023-05-07 07:26:06'),
(3, 'الهيئة العامة للسد العالي وخزان اسوان', '2023-05-07 07:26:30', '2023-05-07 07:26:30'),
(4, 'هيئة تنمية بحيرة ناصر', '2023-05-07 07:29:17', '2023-05-07 07:29:17'),
(5, 'الادارة المركزية لري اسوان', '2023-05-07 07:29:53', '2023-05-07 07:29:53'),
(6, 'الادارة العامة لشؤون البيئة بالمحافظة', '2023-05-07 07:30:18', '2023-05-07 07:30:18'),
(7, 'المنطقة العاشرة - هيئة الطرق والكباري والنقل البري', '2023-05-07 07:30:44', '2023-05-07 07:30:44'),
(8, 'مديرية الزراعة', '2023-05-07 07:30:58', '2023-05-07 07:30:58'),
(9, 'ادارة المحاجر بالمحافظة', '2023-05-07 07:31:14', '2023-05-07 07:31:14'),
(10, 'التنمية الحضارية', '2023-05-07 07:31:27', '2023-05-07 07:31:27'),
(11, 'الهيئة العامة للتنمية السياحية باسوان', '2023-05-07 07:31:51', '2023-05-07 07:31:51'),
(12, 'هيئة التخطيط العمراني', '2023-05-07 07:32:10', '2023-05-07 07:32:10'),
(13, 'منطقة اثار اسوان والنوبة', '2023-05-07 07:32:27', '2023-05-07 07:32:27'),
(14, 'الهيئة العامة للابنية التعليمية', '2023-05-07 07:32:44', '2023-05-07 07:32:44'),
(15, 'مديرية التربية والتعليم', '2023-05-07 07:33:04', '2023-05-07 07:33:04'),
(16, 'المركز الوطني لتخطيط استخدامات اراضي الدولة', '2023-05-07 07:33:39', '2023-05-07 07:33:39'),
(17, 'هيئة عمليات القوات المسلحة', '2023-05-07 07:33:55', '2023-05-07 07:33:55'),
(18, 'الهيئة العامة لمشروعات التعمير والتنمية الزراعية', '2023-05-07 07:34:20', '2023-05-07 07:34:20'),
(19, 'الهيئة العامة للتنمية الصناعية', '2023-05-07 07:34:42', '2023-05-07 07:34:42'),
(20, 'الهيئة العامة للثروة المعدنية', '2023-05-07 07:35:09', '2023-05-07 07:35:09'),
(21, 'جهاز تنظيم مرفق الكهرباء وحماية المستهلك', '2023-05-07 07:35:40', '2023-05-07 07:35:40'),
(22, 'وزارة التعليم العالي', '2023-05-07 07:35:51', '2023-05-07 07:35:51'),
(23, 'الوحدة المحلية لمركز ومدينة كوم امبو', '2023-05-14 11:21:51', '2023-05-14 11:21:51'),
(24, 'الهيئة القومية لمياه الشرب والصرف الصحي', '2023-05-15 05:34:50', '2023-05-15 05:34:50'),
(25, 'ادارة المنطقة الصناعية بالمحافظة', '2023-05-18 10:14:38', '2023-05-18 10:14:38'),
(26, 'الوحدة المحلية لمركز ومدينة دراو', '2023-05-18 10:46:23', '2023-05-18 10:46:23'),
(27, 'الوحدة المحلية لمركز ومدينة ادفو', '2023-05-19 10:49:09', '2023-05-19 10:49:09'),
(28, 'الوحدة المحلية لمدينة ابو سمبل السياحية', '2023-05-23 09:46:34', '2023-05-23 09:46:34');

-- --------------------------------------------------------

--
-- Table structure for table `migrations`
--

CREATE TABLE `migrations` (
  `id` int(10) UNSIGNED NOT NULL,
  `migration` varchar(255) NOT NULL,
  `batch` int(11) NOT NULL
) ENGINE=InnoDB DEFAULT CHARSET=utf8mb4 COLLATE=utf8mb4_unicode_ci;

--
-- Dumping data for table `migrations`
--

INSERT INTO `migrations` (`id`, `migration`, `batch`) VALUES
(1, '2014_10_12_000000_create_users_table', 1),
(2, '2014_10_12_100000_create_password_reset_tokens_table', 1),
(3, '2014_10_12_100000_create_password_resets_table', 1),
(4, '2019_08_19_000000_create_failed_jobs_table', 1),
(5, '2019_12_14_000001_create_personal_access_tokens_table', 1),
(7, '2023_03_06_092359_create_permission_tables', 2),
(8, '2023_03_06_095908_create_permission_tables', 3);

-- --------------------------------------------------------

--
-- Table structure for table `model_has_permissions`
--

CREATE TABLE `model_has_permissions` (
  `permission_id` bigint(20) UNSIGNED NOT NULL,
  `model_type` varchar(255) NOT NULL,
  `model_id` bigint(20) UNSIGNED NOT NULL
) ENGINE=InnoDB DEFAULT CHARSET=utf8mb4 COLLATE=utf8mb4_unicode_ci;

-- --------------------------------------------------------

--
-- Table structure for table `model_has_roles`
--

CREATE TABLE `model_has_roles` (
  `role_id` bigint(20) UNSIGNED NOT NULL,
  `model_type` varchar(255) NOT NULL DEFAULT 'App\\Models\\User',
  `model_id` bigint(20) UNSIGNED NOT NULL,
  `created_at` timestamp NULL DEFAULT NULL,
  `updated_at` timestamp NULL DEFAULT NULL
) ENGINE=InnoDB DEFAULT CHARSET=utf8mb4 COLLATE=utf8mb4_unicode_ci;

--
-- Dumping data for table `model_has_roles`
--

INSERT INTO `model_has_roles` (`role_id`, `model_type`, `model_id`, `created_at`, `updated_at`) VALUES
(3, 'App\\Models\\User', 2, NULL, '2023-05-25 10:42:56'),
(3, 'App\\Models\\User', 29, '2023-04-27 09:43:30', '2023-05-16 06:39:19'),
(3, 'App\\Models\\User', 31, '2023-04-30 11:53:24', '2023-04-30 11:53:24'),
(4, 'App\\Models\\User', 30, '2023-04-30 07:08:40', '2023-04-30 11:53:56'),
(7, 'App\\Models\\User', 32, '2023-05-17 14:35:44', '2023-05-17 14:35:44'),
(8, 'App\\Models\\User', 33, '2023-05-25 11:41:34', '2023-05-25 11:41:34'),
(8, 'App\\Models\\User', 34, '2023-05-31 05:59:46', '2023-05-31 05:59:46'),
(8, 'App\\Models\\User', 35, '2023-05-31 06:01:20', '2023-05-31 06:01:20'),
(8, 'App\\Models\\User', 36, '2023-05-31 06:07:30', '2023-05-31 06:07:30'),
(8, 'App\\Models\\User', 37, '2023-05-31 06:08:26', '2023-05-31 06:08:26');

-- --------------------------------------------------------

--
-- Table structure for table `offer`
--

CREATE TABLE `offer` (
  `id` int(11) NOT NULL,
  `recived` date NOT NULL,
  `is_direct` tinyint(1) NOT NULL DEFAULT 0,
  `investor` varchar(250) NOT NULL,
  `phone` varchar(11) NOT NULL,
  `work_date` date NOT NULL,
  `status` int(11) NOT NULL,
  `delivery_record` varchar(256) NOT NULL,
  `note` varchar(512) DEFAULT NULL,
  `contract_cost` float NOT NULL,
  `contract_period` date DEFAULT NULL,
  `increase_rate` float DEFAULT NULL,
  `assets_id` int(11) NOT NULL,
  `auction_id` int(11) DEFAULT NULL,
  `contract_type_id` int(11) NOT NULL,
  `created_at` timestamp NULL DEFAULT NULL,
  `updated_at` timestamp NULL DEFAULT NULL
) ENGINE=InnoDB DEFAULT CHARSET=utf8mb4 COLLATE=utf8mb4_general_ci;

--
-- Dumping data for table `offer`
--

INSERT INTO `offer` (`id`, `recived`, `is_direct`, `investor`, `phone`, `work_date`, `status`, `delivery_record`, `note`, `contract_cost`, `contract_period`, `increase_rate`, `assets_id`, `auction_id`, `contract_type_id`, `created_at`, `updated_at`) VALUES
(1, '2023-03-17', 0, 'اشرف محمد صابر ربيع', '01119139549', '2023-12-31', 1, '1685259671-delivery_record.pdf', 'المحل المذكور بــ مول سوان 1 بــ طريق السادات - أمام الإستاد', 820000, '2023-05-28', 0, 1, 4, 3, '2023-05-28 05:41:11', '2023-05-28 05:41:11'),
(2, '2022-03-17', 0, 'ابراهيم محمد علي عبد الفتاح', '01117765779', '2022-03-17', 1, '1685524413-delivery_record.pdf', 'محل 22 مول سوان1', 360000, '2023-06-01', 0, 23, 1, 3, '2023-05-31 06:13:33', '2023-06-04 06:54:11'),
(3, '2022-03-17', 0, 'كمال شحات محمد عوض', '01151366452', '2022-03-17', 1, '1685524547-delivery_record.pdf', 'محل 29 مول سوان 1', 310000, '2023-05-31', 0, 2, 1, 3, '2023-05-31 06:15:47', '2023-06-01 06:37:33'),
(4, '2022-03-17', 0, 'جنفيان داود قسطندي عبد المسيح', '01227000848', '2023-07-19', 1, '1685524771-delivery_record.pdf', 'محل 1 و محل 2 مول سوان1', 2100000, '2023-05-31', 0, 3, 1, 3, '2023-05-31 06:19:31', '2023-06-01 06:37:57'),
(5, '2022-03-17', 0, 'اشرف محمد صابر ربيع', '01151366452', '2022-03-17', 1, '1685524890-delivery_record.pdf', 'محل 21 مول سوان1', 365000, '2023-05-31', 0, 4, 1, 3, '2023-05-31 06:21:30', '2023-06-01 06:38:40'),
(6, '2022-03-17', 0, 'عزة سيد محمد عبد الحميد', '01140637024', '2022-03-17', 1, '1685525043-delivery_record.pdf', 'محل 8 مول سوان1', 830000, '2023-05-31', 0, 5, 1, 3, '2023-05-31 06:24:03', '2023-06-01 06:39:17'),
(7, '2022-03-17', 0, 'خليل عواض خليل حسن', '01113403047', '2022-03-17', 1, '1685525461-delivery_record.pdf', 'محل 19 مول سوان 1', 360000, '2023-05-31', 0, 7, 1, 3, '2023-05-31 06:31:01', '2023-06-01 06:39:43'),
(8, '2022-03-17', 0, 'نبيل منصور تياح علي', '01289504555', '2022-03-17', 1, '1685525599-delivery_record.pdf', 'محل 16 مول سوان 1', 675000, '2023-05-31', 0, 8, 1, 3, '2023-05-31 06:33:19', '2023-06-01 06:40:11'),
(9, '2022-03-17', 0, 'فؤاد محمد فؤاد عبد النبي', '01117098943', '2022-03-17', 1, '1685525783-delivery_record.pdf', 'محل 12 مول سوان 1', 660000, '2023-06-01', 0, 9, 1, 3, '2023-05-31 06:36:23', '2023-06-01 06:41:05'),
(10, '2022-03-17', 0, 'فؤاد محمد فؤاد عبد النبي', '01117098943', '2022-03-17', 1, '1685526041-delivery_record.pdf', 'محل 13 مول سوان 1', 670000, '2023-06-01', 0, 10, 1, 3, '2023-05-31 06:40:41', '2023-06-01 06:41:37'),
(11, '2022-03-17', 0, 'شعراوي جمعة محمد جمعة', '01100951143', '2022-03-17', 1, '1685526945-delivery_record.pdf', 'محل 30 مول سوان 1', 400000, '2023-06-01', 0, 11, 1, 3, '2023-05-31 06:55:45', '2023-06-01 06:42:49'),
(12, '2022-03-17', 0, 'عبد الراضي حسب الله عبد الراضي', '01159519688', '2022-03-17', 1, '1685527086-delivery_record.pdf', 'محل 5 مول سوان 1', 882000, '2023-06-01', 0, 12, 1, 3, '2023-05-31 06:58:06', '2023-06-01 06:45:31'),
(13, '2022-03-17', 0, 'هبا احمد محمد علي', '01112400091', '2022-03-17', 1, '1685527590-delivery_record.pdf', 'محل 1 مول سوان 1', 350000, '2023-06-01', 0, 13, 1, 3, '2023-05-31 07:06:30', '2023-06-01 06:47:16'),
(14, '2022-03-17', 0, 'عمرو محمد نجيب حسن ابراهيم', '01200040062', '2022-03-17', 1, '1685527846-delivery_record.pdf', 'محل 20  مول سوان 1', 350000, '2023-06-01', 0, 14, 1, 3, '2023-05-31 07:10:46', '2023-06-01 07:12:51'),
(15, '2021-10-25', 0, 'عبد الراضي حسب الله عبد الراضي', '01159519688', '2021-10-25', 1, '1685527943-delivery_record.pdf', 'محل 14 مول سوان 1', 660000, NULL, NULL, 15, 1, 3, '2023-05-31 07:12:23', '2023-05-31 07:12:23'),
(16, '2022-03-17', 0, 'احمد رمضان عبد المقصود عبد الغني', '01126964496', '2022-03-17', 1, '1685528059-delivery_record.pdf', 'محل 18 مول سوان 1', 410000, '2023-06-01', 0, 16, 1, 3, '2023-05-31 07:14:19', '2023-06-01 06:49:46'),
(17, '2022-05-25', 0, 'شيرين شكري سامي جرجس', '01211158091', '2022-05-25', 1, '1685611479-delivery_record.pdf', 'محل رقم 16 مول الذهب- ميدان المحطة', 2000000, '2023-06-01', 0, 17, 1, 3, '2023-06-01 06:24:39', '2023-06-01 07:04:00'),
(18, '2022-05-25', 0, 'محمود عبد المتعال عبد العاطي', '01114242321', '2022-05-25', 1, '1685611587-delivery_record.pdf', 'محل رقم 5 بمول الذهب - ميدان المحطة', 2750000, '2023-06-01', 0, 18, 1, 3, '2023-06-01 06:26:27', '2023-06-01 07:09:04'),
(19, '2023-05-31', 1, 'moharidy', '01120535000', '2023-05-29', 1, '1687181525-delivery_record.pdf', 'kjhgfsdsdfgsfg', 40004, '2023-06-02', 1, 29, NULL, 3, '2023-06-19 10:32:05', '2023-06-19 10:32:05'),
(21, '2023-06-15', 1, 'asd', '01120535000', '2023-06-07', 1, '1687181773-delivery_record.pdf', 'lmfyjhdgsfbd', 1561000, '2023-06-09', 1, 19, NULL, 2, '2023-06-19 10:36:13', '2023-06-19 10:36:13');

-- --------------------------------------------------------

--
-- Table structure for table `password_resets`
--

CREATE TABLE `password_resets` (
  `email` varchar(255) NOT NULL,
  `token` varchar(255) NOT NULL,
  `created_at` timestamp NULL DEFAULT NULL
) ENGINE=InnoDB DEFAULT CHARSET=utf8mb4 COLLATE=utf8mb4_unicode_ci;

-- --------------------------------------------------------

--
-- Table structure for table `password_reset_tokens`
--

CREATE TABLE `password_reset_tokens` (
  `email` varchar(255) NOT NULL,
  `token` varchar(255) NOT NULL,
  `created_at` timestamp NULL DEFAULT NULL
) ENGINE=InnoDB DEFAULT CHARSET=utf8mb4 COLLATE=utf8mb4_unicode_ci;

-- --------------------------------------------------------

--
-- Table structure for table `permissions`
--

CREATE TABLE `permissions` (
  `id` bigint(20) UNSIGNED NOT NULL,
  `name` varchar(255) NOT NULL,
  `guard_name` varchar(255) NOT NULL,
  `created_at` timestamp NULL DEFAULT NULL,
  `updated_at` timestamp NULL DEFAULT NULL
) ENGINE=InnoDB DEFAULT CHARSET=utf8mb4 COLLATE=utf8mb4_unicode_ci;

--
-- Dumping data for table `permissions`
--

INSERT INTO `permissions` (`id`, `name`, `guard_name`, `created_at`, `updated_at`) VALUES
(1, 'investment.create', 'web', NULL, NULL),
(2, 'investment.edit', 'web', NULL, NULL),
(3, 'investment.index', 'web', NULL, NULL),
(4, 'import.create', 'web', NULL, NULL),
(5, 'import.index', 'web', NULL, NULL),
(6, 'import.edit', 'web', NULL, NULL),
(7, 'home', 'web', NULL, NULL),
(8, 'export.create', 'web', NULL, NULL),
(9, 'export.index', 'web', NULL, NULL),
(10, 'export.edit', 'web', NULL, NULL),
(11, 'other.search', 'web', NULL, NULL),
(12, 'auction.create', 'web', NULL, NULL),
(13, 'auction.index', 'web', NULL, NULL),
(14, 'auction.edit', 'web', NULL, NULL),
(15, 'report.report', 'web', NULL, NULL),
(16, 'roles.create', 'web', NULL, NULL),
(17, 'roles.index', 'web', NULL, NULL),
(18, 'roles.edit', 'web', NULL, NULL),
(19, 'section.create', 'web', NULL, NULL),
(20, 'section.index', 'web', NULL, NULL),
(21, 'section.edit', 'web', NULL, NULL),
(22, 'side.create', 'web', NULL, NULL),
(23, 'side.index', 'web', NULL, NULL),
(24, 'side.edit', 'web', NULL, NULL),
(25, 'user.create', 'web', NULL, NULL),
(26, 'user.index', 'web', NULL, NULL),
(27, 'user.edit', 'web', NULL, NULL);

-- --------------------------------------------------------

--
-- Table structure for table `personal_access_tokens`
--

CREATE TABLE `personal_access_tokens` (
  `id` bigint(20) UNSIGNED NOT NULL,
  `tokenable_type` varchar(255) NOT NULL,
  `tokenable_id` bigint(20) UNSIGNED NOT NULL,
  `name` varchar(255) NOT NULL,
  `token` varchar(64) NOT NULL,
  `abilities` text DEFAULT NULL,
  `last_used_at` timestamp NULL DEFAULT NULL,
  `expires_at` timestamp NULL DEFAULT NULL,
  `created_at` timestamp NULL DEFAULT NULL,
  `updated_at` timestamp NULL DEFAULT NULL
) ENGINE=InnoDB DEFAULT CHARSET=utf8mb4 COLLATE=utf8mb4_unicode_ci;

-- --------------------------------------------------------

--
-- Table structure for table `place`
--

CREATE TABLE `place` (
  `id` int(11) NOT NULL,
  `name` varchar(50) NOT NULL,
  `status` int(11) NOT NULL,
  `place_category_id` int(11) NOT NULL,
  `city_id` int(11) NOT NULL,
  `created_at` timestamp NULL DEFAULT NULL,
  `updated_at` timestamp NULL DEFAULT NULL
) ENGINE=InnoDB DEFAULT CHARSET=utf8mb4 COLLATE=utf8mb4_general_ci;

--
-- Dumping data for table `place`
--

INSERT INTO `place` (`id`, `name`, `status`, `place_category_id`, `city_id`, `created_at`, `updated_at`) VALUES
(4, 'المدينة الصناعية الجديدة (العلاقي)', 1, 1, 1, '2023-05-07 08:39:10', '2023-05-07 08:39:10'),
(5, 'الردسية', 1, 1, 5, '2023-05-14 11:40:36', '2023-05-14 11:40:36'),
(6, 'قرية فارس', 1, 2, 1, '2023-05-15 08:56:13', '2023-05-15 08:56:13'),
(7, 'كركر', 1, 1, 1, '2023-05-16 08:20:02', '2023-05-16 08:20:02'),
(8, 'السباعية غرب ناحية الطريق الصحراوي', 1, 1, 8, '2023-05-16 09:06:46', '2023-05-16 09:06:46'),
(9, 'ابو الريش بحري', 1, 4, 1, '2023-05-17 06:10:17', '2023-05-17 06:10:17'),
(10, 'ميناء ابو سمبل السياحي', 1, 4, 1, '2023-05-17 07:05:32', '2023-05-17 07:05:32'),
(11, 'ابوسمبل', 1, 4, 1, '2023-05-17 09:52:18', '2023-05-17 09:52:18'),
(12, 'ادفو الجديدة طريق الغنيمية', 1, 4, 5, '2023-05-17 10:50:11', '2023-05-17 10:50:11'),
(13, 'التامين الاهلية', 1, 4, 1, '2023-05-17 11:23:39', '2023-05-17 11:23:39'),
(14, 'الصعايدة قبلي', 1, 4, 5, '2023-05-17 11:57:17', '2023-05-17 11:57:17'),
(15, 'فطيرة بحري', 1, 4, 3, '2023-05-18 05:20:23', '2023-05-18 05:20:23'),
(16, 'اسوان الجديدة', 1, 4, 1, '2023-05-18 06:41:05', '2023-05-18 06:41:05'),
(17, 'بنبان بحري', 1, 4, 2, '2023-05-18 08:33:52', '2023-05-18 08:33:52'),
(18, 'وادي العلاقي جنوب محافظة اسوان', 1, 4, 1, '2023-05-18 09:08:11', '2023-05-18 09:08:11'),
(19, 'قرية الشطب', 1, 2, 2, '2023-05-18 10:44:54', '2023-05-18 10:44:54'),
(20, 'المنطقة الصناعية العلاقي', 1, 1, 1, '2023-05-18 11:27:21', '2023-05-18 11:27:21'),
(21, 'المنطقة الخدمية بالعلاقي', 1, 4, 1, '2023-05-18 11:30:31', '2023-05-18 11:30:31'),
(22, 'تقسيم الاستثمار - طريق المنطقة الصناعية - اسوان', 1, 4, 1, '2023-05-19 10:12:12', '2023-05-19 10:12:12'),
(23, 'منطقة المسلة حول المحاجر والجرانيت', 1, 4, 1, '2023-05-19 10:32:57', '2023-05-19 10:32:57'),
(24, 'القرية الريفية بمدينة البصيلية بحري - المعمارية', 1, 4, 5, '2023-05-19 10:45:18', '2023-05-19 10:45:18'),
(25, 'ادفو الزراعي - قرية فارس', 1, 4, 5, '2023-05-19 11:13:41', '2023-05-19 11:13:41'),
(26, 'المنطقة الصناعية بالعلاقي', 1, 1, 1, '2023-05-22 06:37:07', '2023-05-22 06:37:07'),
(27, 'ابو سمبل السياحية', 1, 2, 9, '2023-05-23 09:47:39', '2023-05-23 09:47:39'),
(28, 'جرف  حسين', 1, 2, 1, '2023-05-23 09:48:01', '2023-05-23 09:48:01'),
(29, 'قرية الاعقاب قبلي', 1, 1, 1, '2023-05-31 08:37:48', '2023-05-31 08:37:48');

-- --------------------------------------------------------

--
-- Table structure for table `project`
--

CREATE TABLE `project` (
  `id` int(11) NOT NULL,
  `feasibility_study` varchar(128) DEFAULT NULL,
  `financial_capital` varchar(128) DEFAULT NULL,
  `commercial_register` varchar(128) DEFAULT 'NULL',
  `tax_card` varchar(128) DEFAULT NULL,
  `site_sketch` varchar(128) DEFAULT NULL,
  `company_reg` varchar(128) DEFAULT NULL,
  `status` int(11) NOT NULL DEFAULT 0,
  `name` varchar(512) NOT NULL,
  `nid_photo` varchar(128) DEFAULT NULL,
  `record` varchar(128) DEFAULT NULL,
  `request_id` int(11) NOT NULL,
  `place_id` int(11) DEFAULT NULL,
  `created_at` timestamp NULL DEFAULT NULL,
  `updated_at` timestamp NULL DEFAULT NULL,
  `deleted_at` timestamp NULL DEFAULT NULL
) ENGINE=InnoDB DEFAULT CHARSET=utf8mb4 COLLATE=utf8mb4_general_ci;

--
-- Dumping data for table `project`
--

INSERT INTO `project` (`id`, `feasibility_study`, `financial_capital`, `commercial_register`, `tax_card`, `site_sketch`, `company_reg`, `status`, `name`, `nid_photo`, `record`, `request_id`, `place_id`, `created_at`, `updated_at`, `deleted_at`) VALUES
(22, '', '', '', '', '', '', 0, 'انتاج اعلاف مواشي', '24nid_photo.pdf', NULL, 24, NULL, '2023-05-14 08:54:57', '2023-05-31 14:27:13', '2023-05-31 14:27:13'),
(24, '', '', '', '', '', '', 0, 'مزرعة الوقف الخيري', '', NULL, 26, NULL, '2023-05-14 09:30:18', '2023-06-14 05:48:40', '2023-06-14 05:48:40'),
(25, '', '', '', '', '', '', 0, 'المزرعة  الذكية للتكيف مع تغير المناخ', '', NULL, 27, NULL, '2023-05-14 09:39:48', '2023-06-14 05:48:42', '2023-06-14 05:48:42'),
(26, '', '', '', '', '', '', 0, 'انتاج طوب اسمنتي', '28nid_photo.pdf', NULL, 28, NULL, '2023-05-14 10:37:28', '2023-05-14 10:37:28', NULL),
(28, '', '', '', '', '', '', 0, 'زراعة نخيل', '30nid_photo.pdf', NULL, 30, NULL, '2023-05-14 11:01:42', '2023-06-14 05:48:46', '2023-06-14 05:48:46'),
(30, '', '', '', '', '', '', 0, 'منطقة تمور', '32nid_photo.pdf', NULL, 32, NULL, '2023-05-14 11:11:57', '2023-05-14 11:11:57', NULL),
(32, '34feasibility_study.pdf', '34financial_capital.pdf', '', '', '', '', 0, 'استصلاح 200 فدان اراض صحراوية وزراعتها بنخيل التمر واشجار الجوجوبا', '34nid_photo.pdf', NULL, 34, NULL, '2023-05-15 11:04:40', '2023-06-14 05:59:09', NULL),
(33, '35feasibility_study.pdf', '', '', '', '', '', 0, 'مصنع اعادة تدوير الحديد الخردة', '35nid_photo.pdf', NULL, 35, NULL, '2023-05-16 08:06:46', '2023-05-16 08:06:46', NULL),
(34, '36feasibility_study.pdf', '36financial_capital.pdf', '', '', '', '', 0, 'مصنع ثلج', '36nid_photo.pdf', NULL, 36, NULL, '2023-05-16 09:02:27', '2023-05-16 09:02:27', NULL),
(35, '', '', '', '', '', '', 0, 'مصنع فوسفات', '', NULL, 37, NULL, '2023-05-16 09:09:56', '2023-05-16 09:09:56', NULL),
(36, '', '', '', '', '', '', 0, 'مجمع ورش مصوغات', '38nid_photo.pdf', NULL, 38, NULL, '2023-05-16 09:47:19', '2023-05-16 09:47:19', NULL),
(37, '', '', '', '', '', '', 0, 'مصانع اسنخلاص الذهب', '', NULL, 39, NULL, '2023-05-16 10:02:18', '2023-05-16 10:02:18', NULL),
(38, '40feasibility_study.pdf', '', '', '', '', '', 0, 'مصنع طوب طفلي', '', NULL, 40, NULL, '2023-05-16 10:22:16', '2023-05-16 10:22:16', NULL),
(39, '', '', '', '', '', '', 0, 'مصنع اعلاف واسمدة', '', NULL, 41, NULL, '2023-05-16 10:27:13', '2023-05-16 10:27:13', NULL),
(40, '42feasibility_study.pdf', '', '', '42tax_card.pdf', '', '', 0, 'مصنع لتصنيع الاسماك والقرشيات', '42nid_photo.pdf', NULL, 42, NULL, '2023-05-16 10:56:13', '2023-05-16 10:56:13', NULL),
(41, '43feasibility_study.pdf', '', '', '', '', '', 0, 'منتجع صحي بيئي', '43nid_photo.pdf', NULL, 43, NULL, '2023-05-17 06:42:31', '2023-06-14 05:48:55', '2023-06-14 05:48:55'),
(42, '', '', '44commercial_register.pdf', '44tax_card.pdf', '', '', 0, 'استاجر حديقة بكار وانشاء بعض المحلات الخدمية', '', NULL, 44, NULL, '2023-05-17 10:09:03', '2023-06-14 05:48:57', '2023-06-14 05:48:57'),
(43, '45feasibility_study.pdf', '', '45commercial_register.pdf', '45tax_card.pdf', '', '', 0, 'مركزخدمات لوجستية لمسافري النقل الثقيل', '45nid_photo.pdf', NULL, 45, NULL, '2023-05-17 10:46:55', '2023-06-14 05:48:59', '2023-06-14 05:48:59'),
(44, '', '', '', '', '', '', 0, 'مدرسة لغات', '', NULL, 46, NULL, '2023-05-17 10:55:51', '2023-06-14 05:49:03', '2023-06-14 05:49:03'),
(45, '47feasibility_study.pdf', '', '47commercial_register.pdf', '47tax_card.pdf', '', '', 0, 'انشاء مبني سياحي اداري طبي سكني علي طراز معماري', '', NULL, 47, NULL, '2023-05-17 11:37:41', '2023-06-14 05:49:06', '2023-06-14 05:49:06'),
(46, '', '', '', '', '', '', 0, 'شراء عبارة _ لوجيستي خدمي', '48nid_photo.pdf', NULL, 48, NULL, '2023-05-17 11:51:46', '2023-06-14 05:49:08', '2023-06-14 05:49:08'),
(47, '', '', '49commercial_register.pdf', '49tax_card.pdf', '', '', 0, 'مدرسة خاصة', '49nid_photo.pdf', NULL, 49, NULL, '2023-05-18 05:30:40', '2023-06-14 05:49:10', '2023-06-14 05:49:10'),
(48, '', '', '', '', '', '', 0, 'مجمع مدارس', '', NULL, 50, NULL, '2023-05-18 06:35:29', '2023-06-14 05:49:12', '2023-06-14 05:49:12'),
(49, '', '', '', '', '', '', 0, 'انشاء مستشفي', '', NULL, 51, NULL, '2023-05-18 06:46:31', '2023-06-14 05:49:14', '2023-06-14 05:49:14'),
(50, '', '', '', '', '', '', 0, 'استصلاح واستزراع اراضي', '52nid_photo.pdf', NULL, 52, NULL, '2023-05-18 07:00:00', '2023-06-14 05:49:20', '2023-06-14 05:49:20'),
(51, '', '', '53commercial_register.pdf', '53tax_card.pdf', '', '', 0, 'مخازن وبرادات ومكاتب لوجستية للشركة وتجهيز بضائع لغرض التصدير', '53nid_photo.pdf', NULL, 53, NULL, '2023-05-18 07:16:10', '2023-06-14 05:49:22', '2023-06-14 05:49:22'),
(52, '', '', '', '', '', '', 0, 'ثلاجات ومخازن مواد غذائية وخضروات', '54nid_photo.pdf', NULL, 54, NULL, '2023-05-18 07:25:34', '2023-06-14 05:49:24', '2023-06-14 05:49:24'),
(53, '', '', '', '', '', '', 0, 'صناعة بطاطس نص مقلية', '55nid_photo.pdf', NULL, 55, NULL, '2023-05-18 07:37:54', '2023-05-18 07:37:54', NULL),
(54, '', '', '', '', '', '', 0, 'محطة تموين سيارات بنزين', '56nid_photo.pdf', '56record.pdf', 56, NULL, '2023-05-18 08:40:10', '2023-06-14 05:49:26', '2023-06-14 05:49:26'),
(56, '', '', '', '', '', '', 0, 'محطة تموين سيارات', '', '', 58, NULL, '2023-05-18 09:14:32', '2023-05-18 09:14:32', NULL),
(57, '', '', '', '59tax_card.pdf', '', '', 0, 'اعادة تدوير مخلفات الدواجن والاسماك واعادة تدويرها الي علف نافع', '', '', 59, NULL, '2023-05-18 10:05:01', '2023-05-22 07:03:01', NULL),
(58, '', '', '', '', '', '', 0, 'مصنع للاسمدة العضوية والمخصبات الزراعية', '60nid_photo.pdf', '60record.pdf', 60, NULL, '2023-05-18 10:32:21', '2023-05-18 10:32:21', NULL),
(59, '', '', '', '', '', '', 0, 'تطوير بيت الدواجن', '', '', 61, NULL, '2023-05-18 10:57:32', '2023-05-18 10:57:32', NULL),
(60, '', '', '', '', '', '', 0, 'مزرعة دواجن', '62nid_photo.pdf', '', 62, NULL, '2023-05-18 11:06:06', '2023-06-14 05:49:28', '2023-06-14 05:49:28'),
(61, '', '', '', '', '', '', 0, 'اقامة مشروع دواجن متكامل', '63nid_photo.pdf', '63record.pdf', 63, NULL, '2023-05-18 11:21:45', '2023-06-14 05:49:30', '2023-06-14 05:49:30'),
(62, '', '', '', '', '', '', 0, 'تدوير رخام وجرانيت', '', '', 64, NULL, '2023-05-18 11:36:01', '2023-05-18 11:36:01', NULL),
(63, '65feasibility_study.pdf', '65financial_capital.pdf', '65commercial_register.pdf', '65tax_card.pdf', '', '', 0, 'حرف يدوية علي خردة الرخام والجرانيت', '65nid_photo.pdf', '65record.pdf', 65, NULL, '2023-05-19 08:25:00', '2023-06-14 05:49:33', '2023-06-14 05:49:33'),
(64, '66feasibility_study.pdf', '66financial_capital.pdf', '', '66tax_card.pdf', '', '', 0, 'كسارة حصوة من مخلفات مصانع الرخام والجرانيت', '66nid_photo.pdf', '66record.pdf', 66, NULL, '2023-05-19 08:33:04', '2023-06-14 05:49:35', '2023-06-14 05:49:35'),
(65, '67feasibility_study.pdf', '67financial_capital.pdf', '67commercial_register.pdf', '67tax_card.pdf', '', '', 0, 'حرف يدوية علي مخلفات الرخام والجرانيت', '67nid_photo.pdf', '67record.pdf', 67, NULL, '2023-05-19 08:54:04', '2023-06-14 05:49:37', '2023-06-14 05:49:37'),
(66, '', '', '', '', '', '', 0, 'تشكيل خام الرخام والجرانيت', '68nid_photo.pdf', '68record.pdf', 68, NULL, '2023-05-19 09:34:26', '2023-06-14 05:49:39', '2023-06-14 05:49:39'),
(67, '', '', '', '', '', '', 0, 'اعادة تدوير رخام وجرانيت', '69nid_photo.pdf', '69record.pdf', 69, NULL, '2023-05-19 09:43:01', '2023-05-19 09:43:01', NULL),
(68, '', '', '', '', '', '', 0, 'حرف يدوية علي مخلفات الرخام والجرانيت', '70nid_photo.pdf', '', 70, NULL, '2023-05-19 09:51:07', '2023-06-14 05:49:42', '2023-06-14 05:49:42'),
(69, '', '', '', '', '', '', 0, 'حرف يدوية علي مخلفات الرخام والجرانيت', '71nid_photo.pdf', '', 71, NULL, '2023-05-19 09:56:11', '2023-06-14 05:49:47', '2023-06-14 05:49:47'),
(70, '', '', '', '', '', '', 0, 'اعادة تدوير الرخام والجرانيت', '72nid_photo.pdf', '72record.pdf', 72, NULL, '2023-05-19 10:06:47', '2023-06-14 05:49:50', '2023-06-14 05:49:50'),
(71, '', '', '', '', '', '', 0, 'اعادة تدوير رخام وجرانيت', '73nid_photo.pdf', '73record.pdf', 73, NULL, '2023-05-19 10:22:29', '2023-06-14 05:49:52', '2023-06-14 05:49:52'),
(72, '', '', '', '', '', '', 0, 'مصنع عبوات ومنتجات بلاستيك', '', '', 74, NULL, '2023-05-19 10:26:10', '2023-06-14 05:49:54', '2023-06-14 05:49:54'),
(73, '', '', '', '', '', '', 0, 'تكسير وتجهيز مخلفات المحاجر والجرانيت', '', '', 75, NULL, '2023-05-19 10:36:38', '2023-06-14 05:49:56', '2023-06-14 05:49:56'),
(74, '', '', '', '', '', '', 0, 'مطحن غلال ومدشة لجرش الحبوب والاعلاف', '76nid_photo.pdf', '76record.pdf', 76, NULL, '2023-05-19 10:56:27', '2023-05-19 10:56:27', NULL),
(75, '', '', '', '', '', '', 0, 'مشروع كافيه ومطعم ويوبر ماركت', '77nid_photo.pdf', '', 77, NULL, '2023-05-19 11:04:31', '2023-05-19 11:04:31', NULL),
(76, '', '', '', '', '', '', 0, 'جراج للسيارات الثقيلة', '', '78record.pdf', 78, NULL, '2023-05-19 11:10:41', '2023-06-14 05:49:59', '2023-06-14 05:49:59'),
(77, '', '', '', '', '79site_sketch.pdf', '', 0, 'تصليح اطار سيارات', '', '', 79, NULL, '2023-05-19 11:18:10', '2023-06-14 05:50:01', '2023-06-14 05:50:01'),
(78, '80feasibility_study.pdf', '', '80commercial_register.pdf', '80tax_card.pdf', '80site_sketch.pdf', '', 0, 'ورشة رخام وجرانيت', '80nid_photo.pdf', '80record.pdf', 80, NULL, '2023-05-22 08:35:28', '2023-05-23 10:17:48', NULL),
(79, '81feasibility_study.pdf', '81financial_capital.pdf', '', '', '', '', 0, 'اعاده تدوير اطار السيارات', '81nid_photo.pdf', '', 81, NULL, '2023-05-22 10:41:56', '2023-05-22 10:41:56', NULL),
(80, '', '82financial_capital.pdf', '82commercial_register.pdf', '82tax_card.pdf', '', '', 0, 'مصنع نشر وتقطيع رخام الجرانيت', '82nid_photo.pdf', '', 82, NULL, '2023-05-22 11:14:15', '2023-05-22 11:14:15', NULL),
(81, '', '', '', '', '', '', 0, 'مشروع زراعي سياحي', '83nid_photo.pdf', '', 83, NULL, '2023-05-23 09:04:28', '2023-05-23 09:04:28', NULL),
(82, '', '', '', '', '', '', 0, 'مشتل نخيل - اشجار مثمرة', '84nid_photo.pdf', '', 84, NULL, '2023-05-23 09:15:33', '2023-05-23 09:15:33', NULL),
(83, '', '', '', '', '', '', 0, 'مصنع جرانيت ورخام متكامل', '85nid_photo.pdf', '', 85, NULL, '2023-05-23 09:33:45', '2023-05-23 09:33:45', NULL),
(84, '', '', '', '', '', '', 0, 'مصنع جرانيت ورخام متكامل', '86nid_photo.pdf', '', 86, NULL, '2023-05-23 09:33:45', '2023-05-23 09:33:45', NULL),
(85, '', '', '', '', '', '', 0, 'مزراعة اسماك', '87nid_photo.pdf', '', 87, NULL, '2023-05-23 09:51:51', '2023-05-23 09:51:51', NULL),
(86, '', '88financial_capital.pdf', '88commercial_register.pdf', '88tax_card.pdf', '', '', 0, 'ورشه سبائك المعادن', '88nid_photo.pdf', '', 88, NULL, '2023-05-23 10:07:55', '2023-05-23 10:07:55', NULL),
(89, '', '', '', '', '', '', 0, 'مصنع طوب اسمنتي بانواعه', '', '91record.pdf', 91, NULL, '2023-05-23 10:46:54', '2023-05-23 10:46:54', NULL),
(90, '', '', '92commercial_register.pdf', '92tax_card.pdf', '', '', 0, 'مصنع تعبئه وتغليف', '92nid_photo.pdf', '', 92, NULL, '2023-05-23 11:14:22', '2023-05-23 11:14:22', NULL),
(91, '', '93financial_capital.pdf', '93commercial_register.pdf', '93tax_card.pdf', '', '', 0, 'مشروع دباغ جلود الاسماك وعمل جيلاتين و زيت واعلاف', '93nid_photo.pdf', '', 93, NULL, '2023-05-23 11:48:39', '2023-05-23 11:48:39', NULL),
(92, '', '', '', '', '', '', 0, 'مصنع تجهيز اثاث منزلي', '', '', 94, NULL, '2023-05-23 12:08:37', '2023-05-23 12:08:37', NULL),
(93, '', '', '', '', '', '', 0, 'ورشة ألوميتال', '', '', 95, NULL, '2023-05-23 12:24:05', '2023-05-23 12:24:05', NULL),
(95, '', '', '', '', '', '', 0, 'خدمات سيارات متكاملة', '97nid_photo.pdf', '97record.pdf', 97, NULL, '2023-05-24 11:38:04', '2023-05-24 11:38:04', NULL),
(96, '', '', '98commercial_register.pdf', '98tax_card.pdf', '', '', 0, 'توريد وتجارة خامات المناجم والمحاجر', '98nid_photo.pdf', '', 98, NULL, '2023-05-25 06:04:04', '2023-05-25 06:04:04', NULL),
(97, '', '', '99commercial_register.pdf', '99tax_card.pdf', '', '', 0, 'توريد وتجارة خامات المناجم والمحاجر', '99nid_photo.pdf', '', 99, NULL, '2023-05-25 06:04:04', '2023-05-25 06:04:04', NULL),
(98, '', '', '100commercial_register.pdf', '100tax_card.pdf', '', '', 0, 'توريد وتجارة خامات المناجم والمحاجر', '100nid_photo.pdf', '', 100, NULL, '2023-05-25 06:04:05', '2023-05-25 06:04:05', NULL),
(99, '', '', '101commercial_register.pdf', '101tax_card.pdf', '', '', 0, 'مصنع مواسير اسمنتية مسلحه', '', '', 101, NULL, '2023-05-25 06:42:35', '2023-05-25 06:42:35', NULL),
(100, '', '', '', '', '', '', 0, 'مصنع لصناعه الاحذية', '', '', 102, NULL, '2023-05-25 06:48:21', '2023-05-25 06:48:21', NULL),
(101, '', '', '', '', '', '', 0, 'مصنع صابون واديدمكان', '103nid_photo.pdf', '103record.pdf', 103, NULL, '2023-05-25 07:07:40', '2023-05-25 07:07:40', NULL),
(102, '', '', '', '', '', '', 0, 'مصنع طوب', '104nid_photo.pdf', '104record.pdf', 104, NULL, '2023-05-31 08:43:18', '2023-05-31 08:43:18', NULL),
(103, '', '', '105commercial_register.pdf', '', '', '', 0, 'مصنع حصر بلاستيك', '105nid_photo.pdf', '', 105, NULL, '2023-05-31 08:55:17', '2023-05-31 08:55:17', NULL),
(104, '', '', '106commercial_register.pdf', '106tax_card.pdf', '', '', 0, 'مصنع صهر وسبك وتشكيل المعادن', '106nid_photo.pdf', '', 106, NULL, '2023-06-01 07:29:45', '2023-06-01 07:29:45', NULL),
(105, '', '', '', '', '', '', 0, 'ورشة تصنيع رخام', '107nid_photo.pdf', '', 107, NULL, '2023-06-01 07:39:33', '2023-06-01 07:39:33', NULL),
(106, '108feasibility_study.pdf', '', '', '', '', '', 0, 'كسارة مخلفات جرانيت', '108nid_photo.pdf', '', 108, NULL, '2023-06-01 08:12:34', '2023-06-01 08:12:34', NULL),
(107, '', '', '', '', '', '', 0, 'ورشة حدادة', '109nid_photo.pdf', '', 109, NULL, '2023-06-01 08:24:03', '2023-06-01 08:24:03', NULL),
(108, '', '', '', '', '', '', 0, 'تعبئة وتغليف زيوت', '110nid_photo.pdf', '', 110, NULL, '2023-06-01 08:33:57', '2023-06-01 08:33:57', NULL),
(109, '', '', '', '', '', '', 0, 'ورشة رخام وجرانيت', '111nid_photo.pdf', '', 111, NULL, '2023-06-01 08:44:01', '2023-06-01 08:44:01', NULL),
(110, '', '', '', '', '', '', 0, 'مصنع تعبئة وتغليف منتجات غذائية', '112nid_photo.pdf', '', 112, NULL, '2023-06-01 08:51:03', '2023-06-01 08:51:03', NULL),
(111, '', '', '', '113tax_card.pdf', '', '', 0, 'تعدين وتعبئة اوكسيد الحديد الاحمر', '113nid_photo.pdf', '113record.pdf', 113, NULL, '2023-06-01 09:07:10', '2023-06-01 09:07:10', NULL),
(112, '114feasibility_study.pdf', '', '114commercial_register.pdf', '114tax_card.pdf', '', '', 0, 'ورشة لبيع وتقطيع وتلميع الرخام والجرانيت', '114nid_photo.pdf', '', 114, NULL, '2023-06-01 09:32:20', '2023-06-01 09:32:20', NULL),
(113, '', '', '115commercial_register.pdf', '', '', '', 0, 'مصنع رخام وجرانيت', '115nid_photo.pdf', '115record.pdf', 115, NULL, '2023-06-01 09:43:10', '2023-06-01 09:43:10', NULL),
(114, '', '', '', '', '', '', 0, 'مصنع تعبئة التمور', '', '', 116, NULL, '2023-06-04 05:57:58', '2023-06-04 05:57:58', NULL),
(115, '', '', '', '', '', '', 0, 'مصنع تعبئة وتغليف المواد الغذائية', '117nid_photo.pdf', '117record.pdf', 117, NULL, '2023-06-04 06:24:52', '2023-06-04 06:27:57', '2023-06-04 06:27:57'),
(116, '', '', '', '', '', '', 0, 'مصنع تعبئة وتغليف المواد الغذائية', '118nid_photo.pdf', '118record.pdf', 118, NULL, '2023-06-04 06:24:52', '2023-06-04 06:30:14', NULL),
(117, '', '119financial_capital.pdf', '119commercial_register.pdf', '119tax_card.pdf', '', '', 0, 'كسارة بناء', '119nid_photo.pdf', '', 119, NULL, '2023-06-04 06:48:38', '2023-06-04 06:48:38', NULL);

-- --------------------------------------------------------

--
-- Table structure for table `request`
--

CREATE TABLE `request` (
  `id` int(11) NOT NULL,
  `name` varchar(256) NOT NULL,
  `owner_type` varchar(10) NOT NULL,
  `owner_name` varchar(256) NOT NULL,
  `address` varchar(256) NOT NULL,
  `representative_name` varchar(256) DEFAULT NULL,
  `representative_id` int(11) DEFAULT NULL,
  `NID` varchar(14) DEFAULT NULL,
  `size` float NOT NULL,
  `size_type` varchar(10) NOT NULL,
  `self_financing` float DEFAULT NULL,
  `recived_date` date NOT NULL,
  `capital` float DEFAULT NULL,
  `currency_type` varchar(5) DEFAULT NULL,
  `phone` int(11) NOT NULL,
  `state` tinyint(1) NOT NULL DEFAULT 0,
  `technical_state` tinyint(1) NOT NULL DEFAULT 2,
  `sub_category_id` int(11) DEFAULT NULL,
  `category_id` int(11) NOT NULL,
  `city_id` int(11) NOT NULL,
  `description` varchar(256) DEFAULT NULL,
  `created_at` timestamp NULL DEFAULT NULL,
  `updated_at` timestamp NULL DEFAULT NULL,
  `deleted_at` timestamp NULL DEFAULT NULL
) ENGINE=InnoDB DEFAULT CHARSET=utf8mb4 COLLATE=utf8mb4_general_ci;

--
-- Dumping data for table `request`
--

INSERT INTO `request` (`id`, `name`, `owner_type`, `owner_name`, `address`, `representative_name`, `representative_id`, `NID`, `size`, `size_type`, `self_financing`, `recived_date`, `capital`, `currency_type`, `phone`, `state`, `technical_state`, `sub_category_id`, `category_id`, `city_id`, `description`, `created_at`, `updated_at`, `deleted_at`) VALUES
(24, 'انتاج اعلاف مواشي', 'مواطن', 'محمد عبد العزيز الامين موسي', 'اسوان طريق السادات', NULL, NULL, '26210282800518', 2000, 'متر', 100, '2023-05-14', 5000000, NULL, 1128721790, 1, 1, NULL, 2, 2, NULL, '2023-05-14 08:54:57', '2023-06-14 05:48:38', '2023-06-14 05:48:38'),
(26, 'مزرعة الوقف الخيري', 'شركة', 'مؤسسة نبض الحياة', '14 شارع التحرير _الدقي', NULL, NULL, NULL, 1000, 'فدان', 100, '2023-05-14', NULL, NULL, 101992579, 0, 1, NULL, 2, 1, NULL, '2023-05-14 09:30:18', '2023-06-14 05:48:40', '2023-06-14 05:48:40'),
(27, 'المزرعة  الذكية للتكيف مع تغير المناخ', 'شركة', 'جمعية  قبس من نور', '846 زهراء مدينة نصر', NULL, NULL, NULL, 10, 'فدان', 100, '2022-05-14', 35014000, NULL, 1061231680, 0, 1, NULL, 2, 1, 'يهدف المشروع لانشاء مزرعة متكاملة متعددة الانشطة الانتاجية الزراعية', '2023-05-14 09:39:48', '2023-06-14 07:35:51', '2023-06-14 07:35:51'),
(28, 'انتاج طوب اسمنتي', 'مواطن', 'فتحي طه محمد عبد المنعم', 'ق 156البنفسج 8 التجمع الاول', NULL, NULL, '24401080400093', 5000, 'متر', 100, '2023-05-14', 6000000, NULL, 1223155793, 1, 1, NULL, 1, 5, NULL, '2023-05-14 10:37:28', '2023-06-12 11:15:07', NULL),
(30, 'زراعة نخيل', 'مواطن', 'تيسير مصطفي احمد محمد الادريسي', 'دراو ساحة الاشراف', NULL, NULL, '27510242800583', 50, 'فدان', NULL, '2023-05-14', 10000000, NULL, 1111544098, 0, 2, NULL, 2, 3, NULL, '2023-05-14 11:01:42', '2023-06-14 05:48:46', '2023-06-14 05:48:46'),
(32, 'منطقة تمور', 'مواطن', 'تيسير مصطفي احمد محمد الادريسي', 'ساحة السادة الاشراف _مركز ادفو', NULL, NULL, '27510242800583', 10000, 'فدان', 100, '2023-05-14', 10000000, NULL, 111544098, 0, 2, NULL, 1, 3, NULL, '2023-05-14 11:11:57', '2023-05-14 11:11:57', NULL),
(34, 'استصلاح 200 فدان اراض صحراوية وزراعتها بنخيل التمر واشجار الجوجوبا', 'مواطن', 'علاء الدين علي جاب الله', '18 ش الدكتور اسماعيل حلمي - سموحة سيدي جابر -الاسكندرية', NULL, NULL, '26009020200958', 200, 'فدان', 100, '2023-05-18', NULL, NULL, 114074353, 0, 2, NULL, 2, 1, 'انشاء مزرعة علي مساحة 200 فدان بمحافظة اسوان لنخيل التمور العربية واشجار الجوجوبا', '2023-05-15 11:04:40', '2023-06-14 05:59:09', NULL),
(35, 'مصنع اعادة تدوير الحديد الخردة', 'شركة', 'محسنتو للمقاولات', 'اسوان -اطلس - امام هيئة الطرق والكباري', 'عنتر فراج السيد', NULL, '26409252600497', 10000, 'متر', 100, '2023-05-16', 40000000, NULL, 1127140002, 0, 1, 2, 1, 1, NULL, '2023-05-16 08:06:46', '2023-05-16 08:06:46', NULL),
(36, 'مصنع ثلج', 'شركة', 'شركة النور لاستصلاح الاراضي وتجارة الاسماك', 'مركو ابو سمبل - اسوان', 'عمر احمد محمود داود', NULL, '28410242701631', 900, 'متر', 100, '2023-05-16', 6000000, NULL, 1117692552, 0, 2, 2, 1, 1, 'مصنع ثلج بالطاقة الشمسية صديقة البيئة', '2023-05-16 09:02:27', '2023-05-16 09:02:27', NULL),
(37, 'مصنع فوسفات', 'شركة', 'مجموعة مناركو', 'اسوان -ادفو - كورنيش النيل', NULL, NULL, NULL, 50, 'فدان', NULL, '2023-05-16', NULL, NULL, 1001313789, 0, 2, 2, 1, 8, NULL, '2023-05-16 09:09:56', '2023-05-16 09:09:56', NULL),
(38, 'مجمع ورش مصوغات', 'شركة', 'شركة ماستر جولد ايجيبت', 'الشرقية - العاشر من رمضان', 'احمد صابر عبد الهادي محمد', NULL, '27801022103177', 5000, 'متر', 100, '2023-05-16', 350000000, NULL, 1112190104, 0, 1, 2, 1, 1, NULL, '2023-05-16 09:47:19', '2023-05-16 09:47:19', NULL),
(39, 'مصانع اسنخلاص الذهب', 'شركة', 'شركة مشاريع الامنية المحدودة', '37 شارع المراعي العقوزة القاهرة -مصر', NULL, NULL, NULL, 11357, 'متر', NULL, '2023-05-16', NULL, NULL, 1010000454, 0, 2, 2, 1, 1, 'اقامة 3 مصانع لاستخلاص الذهب من فاقد التعدين بالكهرباء والماء (الكرتة) في كل من السودان وموريتانيا وتنزانيا', '2023-05-16 10:02:18', '2023-05-16 10:02:18', NULL),
(40, 'مصنع طوب طفلي', 'مواطن', 'علي سيد حامد عبدالرحمن', 'بلانة نصر النوبة', NULL, NULL, '26401138280003', 5, 'فدان', 60, '2023-05-16', 10000000, NULL, 1122632717, 0, 2, 2, 1, 4, NULL, '2023-05-16 10:22:16', '2023-05-16 10:22:16', NULL),
(41, 'مصنع اعلاف واسمدة', 'مواطن', 'نفين حمدي عبدالله', 'مدينة اسوان الجديدة - غرب كوبري  اسوان المعلق', NULL, NULL, NULL, 10, 'فدان', NULL, '2023-05-16', NULL, NULL, 972292001, 0, 2, 2, 1, 1, NULL, '2023-05-16 10:27:13', '2023-05-16 10:27:13', NULL),
(42, 'مصنع لتصنيع الاسماك والقرشيات', 'شركة', 'شركة ربوبرتو فوود', 'الباجور - المنوفية', 'كمال حسين محمد احمد', NULL, '28205222800478', 10000, 'متر', 100, '2023-05-16', 20000000, NULL, 1129883322, 0, 2, 2, 1, 1, 'تصنيع اسماك وقرشيات ومعالجتها وتصديرها', '2023-05-16 10:56:13', '2023-05-16 10:56:13', NULL),
(43, 'منتجع صحي بيئي', 'مواطن', 'محمد ابراهيم مبروك عبدالله', 'اسوان- ابو الريش بحري - الخطارة - منزل محمد صالح كرم الله', NULL, NULL, '26905012800895', 17400, 'متر', 100, '2023-05-17', 20000000, NULL, 1063574395, 0, 2, 4, 4, 1, NULL, '2023-05-17 06:42:31', '2023-06-14 05:48:55', '2023-06-14 05:48:55'),
(44, 'استاجر حديقة بكار وانشاء بعض المحلات الخدمية', 'شركة', 'الشركة المتحدة لاستثمار العقارات', 'مركزالقنطرة غرب - محافظة الاسماعيلية', 'صلاح محمد حسين محمد', NULL, '27805022601571', 3500, 'متر', 100, '2023-05-17', 1500000, NULL, 1003197692, 0, 2, 4, 4, 1, 'استاجر حديقة بكار بمدينة ابو سمبل واعادة تطويرها بشكل حضاري وانشاء بعض المحلات الخدمية', '2023-05-17 10:09:03', '2023-06-14 05:48:57', '2023-06-14 05:48:57'),
(45, 'مركزخدمات لوجستية لمسافري النقل الثقيل', 'شركة', 'الشركة المتحدة لاستثمار العقارات', 'مركزالقنطرة غرب - محافظة الاسماعيلية', 'صلاح محمد حسين محمد', NULL, '27805022601571', 800, 'متر', 100, '2023-05-17', 1500000, NULL, 1003197692, 0, 0, 4, 4, 1, 'موقف سيارات النقل الثقيل وذلك لاستاجر الموقف واعادة تاهيله _انارة _ مكرات _ تشجير _ انشاء خدمات متكاملة', '2023-05-17 10:46:55', '2023-06-14 05:49:00', '2023-06-14 05:49:00'),
(46, 'مدرسة لغات', 'مواطن', 'ايمان يسري محمد الدسوقي', '2 ش المدينةالمنورة النزهة الجديدة - القاهرة', NULL, NULL, NULL, 20000, 'متر', 100, '2023-05-17', NULL, NULL, 1008774433, 0, 2, 4, 4, 2, NULL, '2023-05-17 10:55:51', '2023-06-14 05:49:03', '2023-06-14 05:49:03'),
(47, 'انشاء مبني سياحي اداري طبي سكني علي طراز معماري', 'شركة', 'المهندسون العرب', 'شارع سعد زغلول عمارة ابوشوك -اعلي حلواني سمسم', 'عادل بهنسي عادل', NULL, '26708012800071', 7000, 'متر', 100, '2023-05-17', NULL, NULL, 1062707077, 0, 2, 4, 4, 1, NULL, '2023-05-17 11:37:41', '2023-06-14 05:49:06', '2023-06-14 05:49:06'),
(48, 'شراء عبارة _ لوجيستي خدمي', 'شركة', 'جراند ليك', 'الكويت', 'معاذ خالد مسعود الفهيد', NULL, NULL, 50, 'فدان', 100, '2023-05-17', NULL, NULL, 972483092, 0, 2, 4, 4, 1, NULL, '2023-05-17 11:51:46', '2023-06-14 05:49:08', '2023-06-14 05:49:08'),
(49, 'مدرسة خاصة', 'شركة', 'شركة بنك للمقاولات العمومية', 'قرية فطيرة - كوم امبو - اسوان', 'ابراهيم محمد علي محمود', NULL, '27705182800631', 4000, 'متر', 100, '2023-05-18', 20000000, NULL, 1120355337, 0, 2, 4, 4, 3, NULL, '2023-05-18 05:30:40', '2023-06-14 05:49:10', '2023-06-14 05:49:10'),
(50, 'مجمع مدارس', 'مواطن', 'محمد حسن توفيق', 'حي العقاد - شارع التامين الصحي', 'عمرو محمد حسن توفيق', NULL, '29403018280003', 15000, 'متر', 100, '2023-05-18', 15000000, NULL, 100000743, 0, 2, 4, 4, 5, 'مجمع مدارس مكونة من 4 مراحل من رياض اطفال الي المرحلة الثانوية', '2023-05-18 06:35:29', '2023-06-14 05:49:12', '2023-06-14 05:49:12'),
(51, 'انشاء مستشفي', 'شركة', 'شركة سكوبيا', 'التسعين الشمالي - مبني المقر بجوار نادي بوتسون - التجمع الخامس', 'محمد رفعت العدلي', NULL, '0', 5000, 'متر', 100, '2023-05-18', 100000000, NULL, 1101225588, 0, 2, 4, 4, 1, NULL, '2023-05-18 06:46:31', '2023-06-14 05:49:14', '2023-06-14 05:49:14'),
(52, 'استصلاح واستزراع اراضي', 'مواطن', 'احمد حسين محمد علي', 'توشكي غرب - مركز نصر النوبة - اسوان', NULL, NULL, '28810262800994', 25, 'فدان', 100, '2023-05-18', 2500000, NULL, 1127736696, 0, 1, NULL, 4, 1, NULL, '2023-05-18 07:00:00', '2023-06-14 05:49:20', '2023-06-14 05:49:20'),
(53, 'مخازن وبرادات ومكاتب لوجستية للشركة وتجهيز بضائع لغرض التصدير', 'مواطن', 'شركة المياسة للاستيراد والتصدير', 'اسوان - البشارية', 'محمد عبد القوي شفيق صالح', NULL, '26411141701094', 10000, 'متر', 100, '2023-05-18', 10000000, NULL, 1223511085, 0, 2, NULL, 4, 1, NULL, '2023-05-18 07:16:10', '2023-06-14 05:49:22', '2023-06-14 05:49:22'),
(54, 'ثلاجات ومخازن مواد غذائية وخضروات', 'مواطن', 'اسماء محمد عبد الله محمد', 'تقسيم العاملين بالوحدة المحلية - اسوان', 'ياسر خليفة منصور', 3213, '28501012804568', 20000, 'متر', 100, '2023-05-18', 3000000, NULL, 1156404257, 0, 2, NULL, 4, 1, NULL, '2023-05-18 07:25:34', '2023-06-14 05:49:24', '2023-06-14 05:49:24'),
(55, 'صناعة بطاطس نص مقلية', 'شركة', 'جرين بلانت للصناعات الغذائية', 'اسوان - اطلس', 'احمد محمد  عمر محمد', NULL, '28710282800791', 5000, 'متر', 100, '2023-05-18', 10000000, NULL, 1146435535, 0, 2, NULL, 1, 1, NULL, '2023-05-18 07:37:54', '2023-05-18 07:37:54', NULL),
(56, 'محطة تموين سيارات بنزين', 'مواطن', 'بدوي حسن حسين ابراهيم', 'بركة الرمادي بجوار مستشفي اسوان التخصصي', NULL, NULL, '27901272800498', 2000, 'متر', 100, '2021-12-13', 3000000, 'EGP', 1010862714, 0, 2, NULL, 4, 2, NULL, '2023-05-18 08:40:10', '2023-06-14 05:49:26', '2023-06-14 05:49:26'),
(58, 'محطة تموين سيارات', 'شركة', 'جنوب البحر الاحمر للخدمات', 'اسوان', NULL, NULL, '000000000', 10000, 'متر', NULL, '2020-12-20', NULL, 'EGP', 1000000000, 0, 2, NULL, 4, 1, 'مشروع محطة تموين سيارات وملحق بها مجمع خدمات متكمل', '2023-05-18 09:14:32', '2023-05-18 09:14:32', NULL),
(59, 'اعادة تدوير مخلفات الدواجن والاسماك واعادة تدويرها الي علف نافع', 'شركة', 'هاي كوالتي لتصنيع مخلفات الدواجن والاسماك', 'اسوان', 'احمد محمد خلف', NULL, NULL, 1000, 'متر', 100, '2023-03-13', NULL, 'EGP', 1033500717, 0, 2, 6, 1, 1, 'جمع مخلفات الدواجن والاسماك من جميع مراكز وقري المحافظة والفنادق للتخلص منها بالطريقة الصحيحة وتدويرها الي بروتين علف نافع', '2023-05-18 10:05:01', '2023-05-22 07:03:01', NULL),
(60, 'مصنع للاسمدة العضوية والمخصبات الزراعية', 'مواطن', 'فاطمة حمدي قاسم محمد', 'كيما - عزبة المرشح', 'اشرف محمد البغدادي علي طه', NULL, '26907012701113', 1, 'متر', NULL, '2020-02-16', NULL, 'EGP', 1020121054, 0, 2, 6, 1, 1, NULL, '2023-05-18 10:32:21', '2023-05-18 10:32:21', NULL),
(61, 'تطوير بيت الدواجن', 'شركة', 'مؤسسة الشباب لريادة الاعمال', 'العقاد - اسوان - امام عمارة بنك الاسكان', NULL, NULL, NULL, 0, 'فدان', 100, '2022-09-13', NULL, 'EGP', 1123888502, 0, 2, 7, 2, 2, 'استغلال بيت الدواجن لعمل مجمع صغير لمشروعات رواد الاعمال الصغيرة والمتوسطة  - واستغلال باقي المساحة المهدرة في مشروع حديقة ترفيهية تضم حمام سباحة ومنطقة العاب اطفال وحضانة نموذجية متطورة', '2023-05-18 10:57:32', '2023-05-18 10:57:32', NULL),
(62, 'مزرعة دواجن', 'مواطن', 'هبه الله حامد منصور عبد الباسط', 'الاعقاب قبلي- مركز اسوان', NULL, NULL, '28712042800525', 2000, 'متر', 100, '2021-12-07', 200000, 'EGP', 1023964384, 0, 2, 7, 2, 2, NULL, '2023-05-18 11:06:06', '2023-06-14 05:49:28', '2023-06-14 05:49:28'),
(63, 'اقامة مشروع دواجن متكامل', 'مواطن', 'حلمي واصف ميخائيل - وشركائه', 'السباعية غرب - مركز ادفو', NULL, NULL, '25811292800251', 50, 'فدان', 100, '2021-10-26', NULL, 'EGP', 121003404, 0, 2, 7, 2, 3, 'اقامة مشروع دواجن متكامل يشمل :- \r\n1- مصنع اعلاف دواجن \r\n2- عنابر امهات البيض \r\n3- معمل تفريخ الكتكوت \r\n4- عنابر التسمين \r\n5- مجزر الي للدواجن \r\n6- وحدات حفظ لتجميد المنتج', '2023-05-18 11:21:45', '2023-06-14 05:49:30', '2023-06-14 05:49:30'),
(64, 'تدوير رخام وجرانيت', 'مواطن', 'احمد محمد احمد عبد الحميد', 'شارع محمد خير - طهطا - سوهاج', NULL, NULL, '28103052600471', 600, 'متر', 100, '2022-10-03', 100000, 'EGP', 1001086102, 0, 2, NULL, 4, 1, NULL, '2023-05-18 11:36:01', '2023-05-18 11:36:01', NULL),
(65, 'حرف يدوية علي خردة الرخام والجرانيت', 'مواطن', 'احمد عبد العاطيعمر شحات', 'اسوان - العقاد - بجوار نيابة المرور', NULL, NULL, '28503162800814', 500, 'متر', 100, '2022-01-23', 555000, 'EGP', 1222537065, 0, 2, 8, 4, 1, NULL, '2023-05-19 08:25:00', '2023-06-14 05:49:33', '2023-06-14 05:49:33'),
(66, 'كسارة حصوة من مخلفات مصانع الرخام والجرانيت', 'مواطن', 'نشات معبد سليمان احمد', 'الشيخ هارون - اسوان', NULL, NULL, '2680130270228', 1000, 'متر', 100, '2022-02-06', 5000000, 'EGP', 1152240449, 0, 2, 8, 4, 1, NULL, '2023-05-19 08:33:04', '2023-06-14 05:49:35', '2023-06-14 05:49:35'),
(67, 'حرف يدوية علي مخلفات الرخام والجرانيت', 'مواطن', 'حسن كمال عبد الستار موسي', 'اسوان - الجزيرة - خلف المطحن', NULL, NULL, '28311012802219', 500, 'متر', 25, '2021-12-23', 560000, 'EGP', 1128194282, 0, 2, 8, 4, 1, NULL, '2023-05-19 08:54:04', '2023-06-14 05:49:37', '2023-06-14 05:49:37'),
(68, 'تشكيل خام الرخام والجرانيت', 'مواطن', 'محمد محمود اسماعيل عسران', 'اسوان - شارع البركة - محلات عسران للسراميك والادوات الصحية', NULL, NULL, '26511062800871', 500, 'متر', 100, '2021-12-26', 500000, 'EGP', 114223310, 0, 2, 8, 4, 1, NULL, '2023-05-19 09:34:26', '2023-06-14 05:49:39', '2023-06-14 05:49:39'),
(69, 'اعادة تدوير رخام وجرانيت', 'مواطن', 'احمد محمد عبد الحميد', 'شارع محمد فريد - طهطا - سوهاج', NULL, NULL, '28103052600471', 600, 'متر', 100, '2022-10-03', 100000, 'EGP', 1001086102, 0, 2, 8, 4, 1, NULL, '2023-05-19 09:43:01', '2023-05-19 09:43:01', NULL),
(70, 'حرف يدوية علي مخلفات الرخام والجرانيت', 'مواطن', 'فاطمة النحاس مصطفي', 'اول اسوان', NULL, NULL, '29005142800722', 500, 'متر', 100, '2022-08-11', 550000, 'EGP', 111177245, 0, 2, 8, 4, 1, NULL, '2023-05-19 09:51:07', '2023-06-14 05:49:42', '2023-06-14 05:49:42'),
(71, 'حرف يدوية علي مخلفات الرخام والجرانيت', 'مواطن', 'احمد النحاس مصطفي القاضي', 'باتريس لومومبا - عمارة المطحن - اول اسوان - اسوان', NULL, NULL, '2860920271655', 500, 'متر', 100, '2022-08-11', 570000, 'EGP', 1111177245, 0, 2, 8, 4, 1, NULL, '2023-05-19 09:56:11', '2023-06-14 05:49:47', '2023-06-14 05:49:47'),
(72, 'اعادة تدوير الرخام والجرانيت', 'مواطن', 'خالد محمد عبد الكريم عثمان', 'السوالم - مركز طهطا - سوهاج', NULL, NULL, '28303262601071', 600, 'متر', 100, '2022-10-13', 100000, 'EGP', 1284007138, 0, 2, 8, 4, 1, NULL, '2023-05-19 10:06:47', '2023-06-14 05:49:50', '2023-06-14 05:49:50'),
(73, 'اعادة تدوير رخام وجرانيت', 'مواطن', 'عايدة احمد الطاهر محمد', 'ارمنت الحيط - ساحل الجرف مركز ارمنت - الاقصر', NULL, NULL, '2720105700126', 600, 'متر', 100, '2023-08-21', 500000, 'EGP', 1006462085, 0, 2, 8, 4, 1, NULL, '2023-05-19 10:22:29', '2023-06-14 05:49:52', '2023-06-14 05:49:52'),
(74, 'مصنع عبوات ومنتجات بلاستيك', 'مواطن', 'خالد مصطفي محمد عوض', 'اسوان - حي الشروق', NULL, NULL, '26301252800539', 2500, 'متر', 50, '2022-06-02', 20000000, 'EGP', 1111331119, 0, 2, NULL, 1, 1, NULL, '2023-05-19 10:26:10', '2023-06-14 05:49:54', '2023-06-14 05:49:54'),
(75, 'تكسير وتجهيز مخلفات المحاجر والجرانيت', 'مواطن', 'رضا حنس موسي بطرس', 'البياضية ملوي - المنيا', NULL, NULL, '28610012407791', 5000, 'متر', NULL, '2021-10-27', NULL, 'EGP', 1195868917, 0, 2, 8, 4, 1, NULL, '2023-05-19 10:36:38', '2023-06-14 05:49:56', '2023-06-14 05:49:56'),
(76, 'مطحن غلال ومدشة لجرش الحبوب والاعلاف', 'مواطن', 'علي محمود علي خليل', 'المعمارية - ادفو - اسوان', NULL, NULL, '30201122800512', 1000, 'متر', NULL, '2022-01-23', NULL, 'EGP', 1147156477, 0, 2, NULL, 4, 1, NULL, '2023-05-19 10:56:27', '2023-05-19 10:56:27', NULL),
(77, 'مشروع كافيه ومطعم ويوبر ماركت', 'مواطن', 'قرشي حسن محمد - تامر عبد الحميد عوض سيد', 'شارع ابو شرفة - مركز ادفو - اسوان', NULL, NULL, '27302172800392', 0, 'متر', NULL, '2022-02-06', NULL, 'EGP', 1122397286, 0, 2, NULL, 4, 1, NULL, '2023-05-19 11:04:31', '2023-05-19 11:04:31', NULL),
(78, 'جراج للسيارات الثقيلة', 'مواطن', 'ادريس محمد عبد الباسط', 'اسوان - كركر - قرية 3 منزل 223', NULL, NULL, NULL, 0, 'فدان', 100, '2022-01-11', NULL, 'EGP', 1000000000, 0, 2, NULL, 4, 1, NULL, '2023-05-19 11:10:41', '2023-06-14 05:49:59', '2023-06-14 05:49:59'),
(79, 'تصليح اطار سيارات', 'مواطن', 'عمر احمد عمر احمد', 'كوم امبو - قرية فارس', NULL, NULL, '28210062800291', 600, 'متر', 100, '2022-06-28', 50000, 'EGP', 1000000000, 0, 2, NULL, 4, 5, NULL, '2023-05-19 11:18:10', '2023-06-14 05:50:01', '2023-06-14 05:50:01'),
(80, 'ورشة رخام وجرانيت', 'مواطن', 'ماهر شحاته عزيز جورجي', 'شارع الغازات -اسوان', 'ماهر شحات عزيز جورجي', NULL, '28108242400217', 600, 'متر مربع', 100, '2023-05-07', 300000, 'EGP', 1275688400, 0, 1, 8, 4, 1, 'ورشة تقطيع ونشر وجلي الرخام والجرانيت الطبيعي', '2023-05-22 08:35:28', '2023-05-23 10:17:48', NULL),
(81, 'اعاده تدوير اطار السيارات', 'مواطن', 'محمد محمود محمد القباحىي', 'قريه الكروم -مركز دراو -اسوان', 'محمد محمود محمد القباحي', NULL, '26202082800158', 3000, 'متر مربع', 100, '2023-01-25', 3000000, 'EGP', 100000000, 0, 2, NULL, 4, 1, 'انتاج وفرم الكاوتش', '2023-05-22 10:41:56', '2023-05-22 10:41:56', NULL),
(82, 'مصنع نشر وتقطيع رخام الجرانيت', 'مواطن', 'رجب محمود خليل سعد', 'كشتمنه غرب -شارع 11 مركز نصر النوبه اسوان', 'رجب محمود خليل سعد', NULL, '27311052800118', 4600, 'متر مربع', 100, '2023-02-15', 3000000, 'EGP', 1016372888, 0, 2, 8, 1, 1, NULL, '2023-05-22 11:14:15', '2023-05-22 11:14:15', NULL),
(83, 'مشروع زراعي سياحي', 'مواطن', 'صابرين حارس الضوي ابراهيم', 'النجاجرة مركز كوم امبو - اسوان', NULL, NULL, '29412152800369', 150, 'متر مربع', 100, '2022-06-20', 10000, 'EGP', 1115328990, 0, 2, NULL, 2, 8, NULL, '2023-05-23 09:04:28', '2023-05-23 09:04:28', NULL),
(84, 'مشتل نخيل - اشجار مثمرة', 'مواطن', 'عبد التواب سلامة سليمان محمود', 'المنصورية -مركز دراو', NULL, NULL, '25809292800515', 700, 'فدان', 100, '2023-03-23', 300000, 'EGP', 111687089, 0, 2, NULL, 2, 1, NULL, '2023-05-23 09:15:33', '2023-05-23 09:15:33', NULL),
(85, 'مصنع جرانيت ورخام متكامل', 'مواطن', 'طارق محمد حامد / يوسف جمال حسين / ابو بكر احمد محمد مدني / حسن محمود حسن', 'المدينه الصناعيه الجديدة بطرق العلاقي', 'طارق محمد حامد /يوسف جمال حسين/ ابو بكر احمد مدني / حسن محمود حسن', NULL, '28110182801556', 5000, 'متر مربع', NULL, '2023-03-23', NULL, 'EGP', 1144305245, 0, 2, NULL, 1, 1, NULL, '2023-05-23 09:33:45', '2023-05-23 09:33:45', NULL),
(86, 'مصنع جرانيت ورخام متكامل', 'مواطن', 'طارق محمد حامد / يوسف جمال حسين / ابو بكر احمد محمد مدني / حسن محمود حسن', 'المدينه الصناعيه الجديدة بطرق العلاقي', 'طارق محمد حامد /يوسف جمال حسين/ ابو بكر احمد مدني / حسن محمود حسن', NULL, '28110182801556', 5000, 'متر مربع', NULL, '2023-03-23', NULL, 'EGP', 1144305245, 0, 2, NULL, 1, 1, NULL, '2023-05-23 09:33:45', '2023-05-23 09:33:45', NULL),
(87, 'مزراعة اسماك', 'مواطن', 'ملاك وحيد عبد الحميد', 'شارع الغازات - بجوار قاعة كرستال', NULL, NULL, '30504052800326', 3000, 'متر مربع', 25, '2023-03-23', 10000000, 'EGP', 1122784432, 0, 2, NULL, 2, 1, NULL, '2023-05-23 09:51:51', '2023-05-23 09:51:51', NULL),
(88, 'ورشه سبائك المعادن', 'مواطن', 'مارك ناصر نعيم مجلع', 'السيل الجديد', 'مارك ناصر نعيم مجلع', NULL, '29508122800132', 600, 'متر مربع', 100, '2023-04-05', 300000, 'EGP', 1273061019, 0, 2, NULL, 4, 1, NULL, '2023-05-23 10:07:55', '2023-05-23 10:07:55', NULL),
(91, 'مصنع طوب اسمنتي بانواعه', 'مواطن', 'ايمن احمد رضوان  عرابي', 'شارع المحكمه القديمه -اسوان', 'ايمن احمد رضوان عرابي', NULL, '28201122801013', 100, 'متر مربع', 100, '2022-10-10', 100000, 'EGP', 1129923734, 0, 2, NULL, 1, 1, NULL, '2023-05-23 10:46:54', '2023-05-23 10:46:54', NULL),
(92, 'مصنع تعبئه وتغليف', 'مواطن', 'خميس مسعود مصطفي جاد الله', 'الصداقة -الشلال -اسوان', 'خميس مسعود مصطفي جاد الله', NULL, '28310032701897', 2000, 'متر مربع', 100, '2023-03-05', 500000, 'EGP', 1211491773, 0, 2, NULL, 1, 1, NULL, '2023-05-23 11:14:22', '2023-05-23 11:14:22', NULL),
(93, 'مشروع دباغ جلود الاسماك وعمل جيلاتين و زيت واعلاف', 'مواطن', 'احمد عبد الرحيم محمد مهران', '16ش د.محجوب ثابت -العجوزة -الجيزة', 'صلاح نعمان محمد', 5536, '25504122500813', 2000, 'متر مربع', 100, '2023-03-05', 1000000, 'EGP', 1112293370, 0, 2, NULL, 1, 1, NULL, '2023-05-23 11:48:39', '2023-05-23 11:48:39', NULL),
(94, 'مصنع تجهيز اثاث منزلي', 'مواطن', 'منتصر محمود عبد الغني عبد الرحيم', '29 شارع محمد نور قاسم / اول اسوان -اسوان', 'منتصر محمود عبد الغني عبد الرحيم', NULL, '28107232600791', 1000, 'متر مربع', 100, '2023-03-06', 700000, 'EGP', 1111950149, 0, 2, NULL, 1, 1, NULL, '2023-05-23 12:08:37', '2023-05-23 12:08:37', NULL),
(95, 'ورشة ألوميتال', 'مواطن', 'احمد يحيا جمال احمد عبد الجواد', 'كيما عزبة الفرن', 'احمد يحيا جمال عبد الجواد', NULL, '28803042800296', 600, 'متر مربع', 100, '2023-03-09', 250000, 'EGP', 1119076746, 0, 2, NULL, 4, 1, NULL, '2023-05-23 12:24:05', '2023-05-23 12:24:05', NULL),
(97, 'خدمات سيارات متكاملة', 'مواطن', 'عبدالحكيم طه محمد قناوي', 'عباس فريد/ شارع ميخائيل الصراف', 'عبدالحكيم طه محمد قناوي', NULL, '26010052800491', 600, 'متر مربع', 100, '2023-04-04', 250000, 'EGP', 1118053801, 0, 2, NULL, 4, 1, NULL, '2023-05-24 11:38:04', '2023-05-24 11:38:04', NULL),
(98, 'توريد وتجارة خامات المناجم والمحاجر', 'شركة', 'شركة القناوي لتوريد وتجارة المناجم والمحاجر', 'المدينة الصناعية بجوار ضرائب قسم ثاني', 'رضا انور عبد الغني بخيت', NULL, '26410282800499', 3000, 'متر مربع', 100, '2022-10-12', 1000000, 'EGP', 1119494648, 0, 2, NULL, 4, 1, NULL, '2023-05-25 06:04:04', '2023-05-25 06:04:04', NULL),
(99, 'توريد وتجارة خامات المناجم والمحاجر', 'شركة', 'شركة القناوي لتوريد وتجارة المناجم والمحاجر', 'المدينة الصناعية بجوار ضرائب قسم ثاني', 'رضا انور عبد الغني بخيت', NULL, '26410282800499', 3000, 'متر مربع', 100, '2022-10-12', 1000000, 'EGP', 1119494648, 0, 2, NULL, 4, 1, NULL, '2023-05-25 06:04:04', '2023-05-25 06:04:04', NULL),
(100, 'توريد وتجارة خامات المناجم والمحاجر', 'شركة', 'شركة القناوي لتوريد وتجارة المناجم والمحاجر', 'المدينة الصناعية بجوار ضرائب قسم ثاني', 'رضا انور عبد الغني بخيت', NULL, '26410282800499', 3000, 'متر مربع', 100, '2022-10-12', 1000000, 'EGP', 1119494648, 0, 2, NULL, 4, 1, NULL, '2023-05-25 06:04:05', '2023-05-25 06:04:05', NULL),
(101, 'مصنع مواسير اسمنتية مسلحه', 'شركة', 'الشركة المتحدة لصناعه المواسير الاسمنتية المسلحة', 'الدقهلية -طلخا -طلخا طريق المعاهدة امام المهد الديني', 'مصطفي عبد العزيز', NULL, NULL, 0, 'متر مربع', NULL, '2021-04-27', NULL, 'EGP', 1001137000, 0, 2, NULL, 1, 1, 'مصنع لتصنيع المواسير الاسمنتيه لمسلحه سابقه الصب حيث يقوم المصنع بانتاج المواسير طبقا للمواصفات القياسيه المصريه 2006/1/958 لسنه 69 والتي تستخدم في عمليات تغطيات الري و الصرف و الصرف الزراعي', '2023-05-25 06:42:35', '2023-05-25 06:42:35', NULL),
(102, 'مصنع لصناعه الاحذية', 'مواطن', 'محمود ياسين عبد الصبور محمد', 'اسوان', 'محمود ياسين عبد الصبور محمد', NULL, NULL, 0, 'متر مربع', NULL, '2022-05-29', NULL, 'EGP', 112849916, 0, 2, NULL, 1, 1, NULL, '2023-05-25 06:48:21', '2023-05-25 06:48:21', NULL),
(103, 'مصنع صابون واديدمكان', 'مواطن', 'محمد ممدوح محمد محي الدين', 'اسوان الشيخ هارون عماره 13 مدخل أ', 'مجمد ممدوح محمد محي الدين', NULL, '29309022800191', 500, 'متر مربع', 15, '2021-07-11', 1500000, 'EGP', 1145984710, 0, 2, NULL, 1, 1, NULL, '2023-05-25 07:07:40', '2023-05-25 07:07:40', NULL),
(104, 'مصنع طوب', 'مواطن', 'عوض منصور عبدالباسط سليم', 'أسوان الأعقاب قبلي', 'عوض منصور عبدالباسط سليم', NULL, '25102252800311', 2000, 'متر مربع', 100, '2021-12-07', 100000, 'EGP', 1203320119, 0, 2, NULL, 1, 1, NULL, '2023-05-31 08:43:18', '2023-05-31 08:43:18', NULL),
(105, 'مصنع حصر بلاستيك', 'مواطن', 'ادريس محمد عبدالباسط ادريس', 'أسوان شارع البركة شارع الجمال من شارع النفق', NULL, NULL, '26005212800414', 100000, 'متر مربع', 50, '2021-07-05', 500000, 'EGP', 1110070655, 0, 2, NULL, 1, 1, NULL, '2023-05-31 08:55:17', '2023-05-31 08:55:17', NULL),
(106, 'مصنع صهر وسبك وتشكيل المعادن', 'مواطن', 'اسراء محمد حاتم يمني', 'اسوان طريق الخزان شارع 22 اول اسوان', NULL, NULL, '29202102701446', 2000, 'متر مربع', 100, '2023-03-15', 3256000, 'EGP', 1288762423, 0, 2, NULL, 1, 1, NULL, '2023-06-01 07:29:45', '2023-06-01 07:29:45', NULL),
(107, 'ورشة تصنيع رخام', 'مواطن', 'حسن عبد المنصف حسن موسي', 'اسوان سوق الخميس شارع باتريس لوممبا', NULL, NULL, '29710232800417', 2000, 'متر مربع', 100, '2023-05-17', 500000, 'EGP', 1100133180, 0, 2, NULL, 1, 1, NULL, '2023-06-01 07:39:33', '2023-06-01 07:39:33', NULL),
(108, 'كسارة مخلفات جرانيت', 'مواطن', 'عبدالشافي ساعي دمراني عبداللطيف', 'اطلس شارع السكة الحديد - عمارة الدكتور فيليبس', NULL, NULL, '26701212601019', 20000, 'فدان', 25, '2023-02-20', 35000000, 'EGP', 1000071121, 0, 2, NULL, 1, 1, NULL, '2023-06-01 08:12:34', '2023-06-01 08:12:34', NULL),
(109, 'ورشة حدادة', 'مواطن', 'ياسر عبدالرحيم حسن بشير', 'المنصورية بحري-ام الحامض-دراو', NULL, NULL, '28007150102855', 700, 'متر مربع', 100, '2023-04-18', 250000, 'EGP', 1030841487, 0, 2, NULL, 1, 1, NULL, '2023-06-01 08:24:03', '2023-06-01 08:24:03', NULL),
(110, 'تعبئة وتغليف زيوت', 'مواطن', 'خالد أحمد عزب سعيد', '201 شارع النقبة -شارع البركة', NULL, NULL, '28907042800512', 500, 'متر مربع', 100, '2023-04-12', 200000, 'EGP', 1141339010, 0, 2, NULL, 1, 1, NULL, '2023-06-01 08:33:57', '2023-06-01 08:33:57', NULL),
(111, 'ورشة رخام وجرانيت', 'مواطن', 'طارق صدقي ابوالمجد ابراهيم', 'الشيخ هارون- اسوان', NULL, NULL, '27609062800751', 0, 'متر مربع', 100, '2023-02-07', 300000, 'EGP', 1111773401, 0, 2, NULL, 1, 1, NULL, '2023-06-01 08:44:01', '2023-06-01 08:44:01', NULL),
(112, 'مصنع تعبئة وتغليف منتجات غذائية', 'مواطن', 'خالد هلال علي محمد', 'حي العقاد 284 -أسوان', NULL, NULL, '28008052501471', 2000, 'متر مربع', 100, '2022-07-03', 500000, 'EGP', 1100988210, 0, 2, NULL, 1, 1, NULL, '2023-06-01 08:51:03', '2023-06-01 08:51:03', NULL),
(113, 'تعدين وتعبئة اوكسيد الحديد الاحمر', 'شركة', 'شركة دافينشي', '41 شارع احمد تيسير - مصر الجديدة -القاهرة', 'مصطفي محمد بهاء الدين خلف حامد', NULL, '28409210103351', 5000, 'متر مربع', NULL, '2002-05-30', NULL, 'EGP', 1095888656, 0, 2, NULL, 1, 1, NULL, '2023-06-01 09:07:10', '2023-06-01 09:07:10', NULL),
(114, 'ورشة لبيع وتقطيع وتلميع الرخام والجرانيت', 'مواطن', 'ميلاد اسحق نصيف', 'كفر الدوار -البحيرة', NULL, NULL, '28407292400771', 1000, 'متر مربع', NULL, '2023-05-22', NULL, 'EGP', 1212512276, 0, 2, NULL, 1, 1, NULL, '2023-06-01 09:32:20', '2023-06-01 09:32:20', NULL),
(115, 'مصنع رخام وجرانيت', 'مواطن', 'عبد الرحمن ابو زيد الصاوي سعيد', 'كورنيش النيل الشواربي-اول اسوان', NULL, NULL, '27212232600615', 4000, 'متر مربع', 0, '2022-05-10', 0, 'EGP', 1117829120, 0, 2, NULL, 1, 1, NULL, '2023-06-01 09:43:10', '2023-06-01 09:43:10', NULL),
(116, 'مصنع تعبئة التمور', 'مواطن', 'محمد احمد محمد', 'كيما عزبة التحرير-اسوان', NULL, NULL, '30009042800114', 2000, 'متر مربع', NULL, '2021-07-25', 1000, 'EGP', 1155520340, 0, 2, NULL, 1, 1, NULL, '2023-06-04 05:57:58', '2023-06-04 05:57:58', NULL),
(117, 'مصنع تعبئة وتغليف المواد الغذائية', 'مواطن', 'سامح مصطفي مرغني عثمان', 'الغابة الجديدة-شارع المسجد-مركز دراو', NULL, NULL, '27602282800391', 1000, 'متر مربع', NULL, '2021-07-14', NULL, 'EGP', 1140242423, 0, 2, NULL, 1, 2, NULL, '2023-06-04 06:24:52', '2023-06-04 06:27:57', '2023-06-04 06:27:57'),
(118, 'مصنع تعبئة وتغليف المواد الغذائية', 'مواطن', 'سامح مصطفي مرغني عثمان', 'الغابة الجديدة-شارع المسجد-مركز دراو', NULL, NULL, '27602282800391', 1000, 'متر مربع', NULL, '2021-07-14', NULL, 'EGP', 1140242423, 0, 2, NULL, 1, 2, NULL, '2023-06-04 06:24:52', '2023-06-04 06:30:14', NULL),
(119, 'كسارة بناء', 'مواطن', 'احمد سلامة بدوي الصحاوي', 'كيما-التمليك الجديد-ثان اسوان', NULL, NULL, '29011092800416', 2000, 'متر مربع', 100, '2022-11-21', 3000000, 'EGP', 1116472337, 0, 2, NULL, 1, 1, NULL, '2023-06-04 06:48:38', '2023-06-04 06:48:38', NULL);

-- --------------------------------------------------------

--
-- Table structure for table `request_license`
--

CREATE TABLE `request_license` (
  `id` int(11) NOT NULL,
  `file` varchar(64) DEFAULT NULL,
  `send_date` date DEFAULT NULL,
  `request_id` int(11) NOT NULL,
  `license_id` int(11) NOT NULL,
  `point` int(11) DEFAULT 0,
  `response_file` varchar(128) DEFAULT NULL,
  `recived_date` date DEFAULT NULL,
  `state` tinyint(1) DEFAULT 2,
  `created_at` timestamp NULL DEFAULT NULL,
  `updated_at` timestamp NULL DEFAULT NULL,
  `deleted_at` timestamp NULL DEFAULT NULL
) ENGINE=InnoDB DEFAULT CHARSET=utf8mb4 COLLATE=utf8mb4_general_ci;

--
-- Dumping data for table `request_license`
--

INSERT INTO `request_license` (`id`, `file`, `send_date`, `request_id`, `license_id`, `point`, `response_file`, `recived_date`, `state`, `created_at`, `updated_at`, `deleted_at`) VALUES
(45, NULL, '2023-05-14', 28, 1, 0, NULL, NULL, NULL, '2023-05-14 10:37:28', '2023-05-14 10:37:28', NULL),
(46, NULL, '2023-05-14', 28, 2, 0, NULL, NULL, NULL, '2023-05-14 10:37:28', '2023-05-14 10:37:28', NULL),
(47, NULL, '2023-05-14', 28, 10, 0, NULL, NULL, NULL, '2023-05-14 10:37:28', '2023-05-14 10:37:28', NULL),
(48, NULL, '2023-05-14', 28, 12, 0, NULL, NULL, NULL, '2023-05-14 10:37:28', '2023-05-14 10:37:28', NULL),
(49, NULL, '2023-05-14', 28, 16, 0, NULL, NULL, NULL, '2023-05-14 10:37:28', '2023-05-14 10:37:28', NULL),
(50, NULL, '2023-05-14', 28, 19, 0, NULL, NULL, NULL, '2023-05-14 10:37:28', '2023-05-14 10:37:28', NULL),
(57, NULL, '2023-05-14', 32, 1, 0, NULL, NULL, NULL, '2023-05-14 11:11:57', '2023-05-14 11:11:57', NULL),
(58, NULL, '2023-05-14', 32, 2, 0, NULL, NULL, NULL, '2023-05-14 11:11:57', '2023-05-14 11:11:57', NULL),
(59, NULL, '2023-05-14', 32, 10, 0, NULL, NULL, NULL, '2023-05-14 11:11:57', '2023-05-14 11:11:57', NULL),
(60, NULL, '2023-05-14', 32, 12, 0, NULL, NULL, NULL, '2023-05-14 11:11:57', '2023-05-14 11:11:57', NULL),
(61, NULL, '2023-05-14', 32, 16, 0, NULL, NULL, NULL, '2023-05-14 11:11:57', '2023-05-14 11:11:57', NULL),
(62, NULL, '2023-05-14', 32, 19, 0, NULL, NULL, NULL, '2023-05-14 11:11:57', '2023-05-14 11:11:57', NULL),
(63, NULL, '2023-05-10', 34, 1, 2, NULL, NULL, 2, '2023-05-15 11:04:40', '2023-06-14 07:40:07', NULL),
(64, '64 send_file.jpeg', '2023-05-01', 35, 1, 1, NULL, NULL, 2, '2023-05-16 08:06:46', '2023-06-14 07:40:44', NULL),
(65, '65 send_file.jpg', '2023-05-02', 35, 2, 1, NULL, NULL, 2, '2023-05-16 08:06:46', '2023-06-14 07:40:44', NULL),
(66, NULL, '2023-05-03', 35, 10, 1, NULL, NULL, 2, '2023-05-16 08:06:46', '2023-06-14 07:40:44', NULL),
(67, NULL, '2023-05-04', 35, 12, 1, NULL, NULL, 2, '2023-05-16 08:06:46', '2023-06-14 07:40:44', NULL),
(68, NULL, '2023-05-05', 35, 16, 1, NULL, NULL, 2, '2023-05-16 08:06:46', '2023-06-14 07:40:44', NULL),
(69, NULL, NULL, 35, 19, 1, NULL, NULL, 2, '2023-05-16 08:06:46', '2023-06-14 07:40:44', NULL),
(70, NULL, NULL, 35, 23, 1, NULL, NULL, 2, '2023-05-16 08:06:46', '2023-06-14 07:40:44', NULL),
(71, NULL, '2023-05-16', 36, 1, 0, NULL, NULL, NULL, '2023-05-16 09:02:27', '2023-05-16 09:02:27', NULL),
(72, NULL, '2023-05-16', 36, 2, 0, NULL, NULL, NULL, '2023-05-16 09:02:27', '2023-05-16 09:02:27', NULL),
(73, NULL, '2023-05-16', 36, 10, 0, NULL, NULL, NULL, '2023-05-16 09:02:27', '2023-05-16 09:02:27', NULL),
(74, NULL, '2023-05-16', 36, 12, 0, NULL, NULL, NULL, '2023-05-16 09:02:27', '2023-05-16 09:02:27', NULL),
(75, NULL, '2023-05-16', 36, 16, 0, NULL, NULL, NULL, '2023-05-16 09:02:27', '2023-05-16 09:02:27', NULL),
(76, NULL, '2023-05-16', 36, 19, 0, NULL, NULL, NULL, '2023-05-16 09:02:27', '2023-05-16 09:02:27', NULL),
(77, NULL, '2023-05-16', 36, 23, 0, NULL, NULL, NULL, '2023-05-16 09:02:27', '2023-05-16 09:02:27', NULL),
(78, NULL, '2023-05-16', 37, 1, 0, NULL, NULL, NULL, '2023-05-16 09:09:56', '2023-05-16 09:09:56', NULL),
(79, NULL, '2023-05-16', 37, 2, 0, NULL, NULL, NULL, '2023-05-16 09:09:56', '2023-05-16 09:09:56', NULL),
(80, NULL, '2023-05-16', 37, 10, 0, NULL, NULL, NULL, '2023-05-16 09:09:56', '2023-05-16 09:09:56', NULL),
(81, NULL, '2023-05-16', 37, 12, 0, NULL, NULL, NULL, '2023-05-16 09:09:56', '2023-05-16 09:09:56', NULL),
(82, NULL, '2023-05-16', 37, 16, 0, NULL, NULL, NULL, '2023-05-16 09:09:56', '2023-05-16 09:09:56', NULL),
(83, NULL, '2023-05-16', 37, 19, 0, NULL, NULL, NULL, '2023-05-16 09:09:56', '2023-05-16 09:09:56', NULL),
(84, NULL, '2023-05-16', 37, 23, 0, NULL, NULL, NULL, '2023-05-16 09:09:56', '2023-05-16 09:09:56', NULL),
(85, NULL, '2023-05-16', 38, 1, 0, NULL, NULL, NULL, '2023-05-16 09:47:19', '2023-05-16 09:47:19', NULL),
(86, NULL, '2023-05-16', 38, 2, 0, NULL, NULL, NULL, '2023-05-16 09:47:19', '2023-05-16 09:47:19', NULL),
(87, NULL, '2023-05-16', 38, 10, 0, NULL, NULL, NULL, '2023-05-16 09:47:19', '2023-05-16 09:47:19', NULL),
(88, NULL, '2023-05-16', 38, 12, 0, NULL, NULL, NULL, '2023-05-16 09:47:19', '2023-05-16 09:47:19', NULL),
(89, NULL, '2023-05-16', 38, 16, 0, NULL, NULL, NULL, '2023-05-16 09:47:19', '2023-05-16 09:47:19', NULL),
(90, NULL, '2023-05-16', 38, 19, 0, NULL, NULL, NULL, '2023-05-16 09:47:19', '2023-05-16 09:47:19', NULL),
(91, NULL, '2023-05-16', 38, 23, 0, NULL, NULL, NULL, '2023-05-16 09:47:19', '2023-05-16 09:47:19', NULL),
(92, NULL, '2023-05-16', 39, 1, 0, NULL, NULL, NULL, '2023-05-16 10:02:18', '2023-05-16 10:02:18', NULL),
(93, NULL, '2023-05-16', 39, 2, 0, NULL, NULL, NULL, '2023-05-16 10:02:18', '2023-05-16 10:02:18', NULL),
(94, NULL, '2023-05-16', 39, 10, 0, NULL, NULL, NULL, '2023-05-16 10:02:18', '2023-05-16 10:02:18', NULL),
(95, NULL, '2023-05-16', 39, 12, 0, NULL, NULL, NULL, '2023-05-16 10:02:18', '2023-05-16 10:02:18', NULL),
(96, NULL, '2023-05-16', 39, 16, 0, NULL, NULL, NULL, '2023-05-16 10:02:18', '2023-05-16 10:02:18', NULL),
(97, NULL, '2023-05-16', 39, 19, 0, NULL, NULL, NULL, '2023-05-16 10:02:18', '2023-05-16 10:02:18', NULL),
(98, NULL, '2023-05-16', 39, 23, 0, NULL, NULL, NULL, '2023-05-16 10:02:18', '2023-05-16 10:02:18', NULL),
(99, NULL, '2023-05-16', 40, 1, 0, NULL, NULL, NULL, '2023-05-16 10:22:16', '2023-05-16 10:22:16', NULL),
(100, NULL, '2023-05-16', 40, 2, 0, NULL, NULL, NULL, '2023-05-16 10:22:16', '2023-05-16 10:22:16', NULL),
(101, NULL, '2023-05-16', 40, 10, 0, NULL, NULL, NULL, '2023-05-16 10:22:16', '2023-05-16 10:22:16', NULL),
(102, NULL, '2023-05-16', 40, 12, 0, NULL, NULL, NULL, '2023-05-16 10:22:16', '2023-05-16 10:22:16', NULL),
(103, NULL, '2023-05-16', 40, 16, 0, NULL, NULL, NULL, '2023-05-16 10:22:16', '2023-05-16 10:22:16', NULL),
(104, NULL, '2023-05-16', 40, 19, 0, NULL, NULL, NULL, '2023-05-16 10:22:16', '2023-05-16 10:22:16', NULL),
(105, NULL, '2023-05-16', 40, 23, 0, NULL, NULL, NULL, '2023-05-16 10:22:16', '2023-05-16 10:22:16', NULL),
(106, NULL, '2023-05-16', 41, 1, 0, NULL, NULL, NULL, '2023-05-16 10:27:13', '2023-05-16 10:27:13', NULL),
(107, NULL, '2023-05-16', 41, 2, 0, NULL, NULL, NULL, '2023-05-16 10:27:13', '2023-05-16 10:27:13', NULL),
(108, NULL, '2023-05-16', 41, 10, 0, NULL, NULL, NULL, '2023-05-16 10:27:13', '2023-05-16 10:27:13', NULL),
(109, NULL, '2023-05-16', 41, 12, 0, NULL, NULL, NULL, '2023-05-16 10:27:13', '2023-05-16 10:27:13', NULL),
(110, NULL, '2023-05-16', 41, 16, 0, NULL, NULL, NULL, '2023-05-16 10:27:13', '2023-05-16 10:27:13', NULL),
(111, NULL, '2023-05-16', 41, 19, 0, NULL, NULL, NULL, '2023-05-16 10:27:13', '2023-05-16 10:27:13', NULL),
(112, NULL, '2023-05-16', 41, 23, 0, NULL, NULL, NULL, '2023-05-16 10:27:13', '2023-05-16 10:27:13', NULL),
(113, NULL, '2023-05-16', 42, 1, 0, NULL, NULL, NULL, '2023-05-16 10:56:13', '2023-05-16 10:56:13', NULL),
(114, NULL, '2023-05-16', 42, 2, 0, NULL, NULL, NULL, '2023-05-16 10:56:13', '2023-05-16 10:56:13', NULL),
(115, NULL, '2023-05-16', 42, 10, 0, NULL, NULL, NULL, '2023-05-16 10:56:13', '2023-05-16 10:56:13', NULL),
(116, NULL, '2023-05-16', 42, 12, 0, NULL, NULL, NULL, '2023-05-16 10:56:13', '2023-05-16 10:56:13', NULL),
(117, NULL, '2023-05-16', 42, 16, 0, NULL, NULL, NULL, '2023-05-16 10:56:13', '2023-05-16 10:56:13', NULL),
(118, NULL, '2023-05-16', 42, 19, 0, NULL, NULL, NULL, '2023-05-16 10:56:13', '2023-05-16 10:56:13', NULL),
(119, NULL, '2023-05-16', 42, 23, 0, NULL, NULL, NULL, '2023-05-16 10:56:13', '2023-05-16 10:56:13', NULL),
(120, NULL, NULL, 55, 1, 0, NULL, NULL, NULL, '2023-05-18 07:37:54', '2023-05-18 07:37:54', NULL),
(121, NULL, NULL, 55, 2, 0, NULL, NULL, NULL, '2023-05-18 07:37:54', '2023-05-18 07:37:54', NULL),
(122, NULL, NULL, 55, 10, 0, NULL, NULL, NULL, '2023-05-18 07:37:54', '2023-05-18 07:37:54', NULL),
(123, NULL, NULL, 55, 12, 0, NULL, NULL, NULL, '2023-05-18 07:37:54', '2023-05-18 07:37:54', NULL),
(124, NULL, NULL, 55, 16, 0, NULL, NULL, NULL, '2023-05-18 07:37:54', '2023-05-18 07:37:54', NULL),
(125, NULL, NULL, 55, 19, 0, NULL, NULL, NULL, '2023-05-18 07:37:54', '2023-05-18 07:37:54', NULL),
(126, NULL, NULL, 55, 23, 0, NULL, NULL, NULL, '2023-05-18 07:37:54', '2023-05-18 07:37:54', NULL),
(128, NULL, NULL, 58, 2, 0, NULL, NULL, NULL, '2023-05-18 09:14:32', '2023-05-18 09:14:32', NULL),
(129, NULL, NULL, 58, 12, 0, NULL, NULL, NULL, '2023-05-18 09:14:32', '2023-05-18 09:14:32', NULL),
(130, NULL, NULL, 59, 6, 0, NULL, NULL, NULL, '2023-05-18 10:05:01', '2023-05-18 10:05:01', NULL),
(131, NULL, NULL, 59, 12, 0, NULL, NULL, NULL, '2023-05-18 10:05:01', '2023-05-18 10:05:01', NULL),
(132, NULL, '2023-05-18', 60, 12, 1, NULL, NULL, NULL, '2023-05-18 10:32:21', '2023-05-18 10:32:35', NULL),
(133, '133 send_file.pdf', '2023-05-18', 60, 25, 1, NULL, NULL, NULL, '2023-05-18 10:32:21', '2023-05-18 10:32:35', NULL),
(134, '134 send_file.pdf', '2023-05-18', 61, 26, 1, NULL, NULL, NULL, '2023-05-18 10:57:32', '2023-05-18 10:57:56', NULL),
(135, '135 send_file.pdf', '2023-05-18', 64, 25, 1, NULL, NULL, NULL, '2023-05-18 11:36:01', '2023-05-18 11:36:55', NULL),
(136, '136 send_file.pdf', '2023-05-19', 69, 25, 1, NULL, NULL, NULL, '2023-05-19 09:43:01', '2023-05-19 09:43:12', NULL),
(137, '137 send_file.pdf', '2023-05-19', 76, 27, 1, NULL, NULL, NULL, '2023-05-19 10:56:27', '2023-05-19 10:56:47', NULL),
(138, '138 send_file.pdf', '2023-05-19', 77, 25, 1, NULL, NULL, NULL, '2023-05-19 11:04:31', '2023-05-19 11:04:45', NULL),
(139, '139 send_file.pdf', '2023-05-22', 80, 25, 1, NULL, NULL, 2, '2023-05-22 08:35:28', '2023-05-22 10:15:55', NULL),
(140, '140 send_file.pdf', '2023-05-22', 81, 25, 1, NULL, NULL, 2, '2023-05-22 10:41:56', '2023-05-22 10:42:31', NULL),
(141, '141 send_file.pdf', '2023-05-22', 82, 25, 1, NULL, NULL, 2, '2023-05-22 11:14:15', '2023-05-22 11:15:18', NULL),
(142, '142 send_file.pdf', '2023-05-23', 83, 23, 1, NULL, NULL, 2, '2023-05-23 09:04:28', '2023-05-23 09:04:37', NULL),
(143, '143 send_file.pdf', '2023-05-23', 84, 26, 1, NULL, NULL, 2, '2023-05-23 09:15:33', '2023-05-23 09:15:43', NULL),
(144, NULL, NULL, 85, 25, 0, NULL, NULL, 2, '2023-05-23 09:33:45', '2023-05-23 09:33:45', NULL),
(145, '145 send_file.pdf', '2023-05-23', 86, 25, 2, NULL, NULL, 2, '2023-05-23 09:33:45', '2023-05-23 09:34:51', NULL),
(146, '146 send_file.pdf', '2023-05-23', 87, 28, 1, NULL, NULL, 2, '2023-05-23 09:51:51', '2023-05-23 09:52:01', NULL),
(147, '147 send_file.pdf', '2023-05-23', 88, 25, 1, NULL, NULL, 2, '2023-05-23 10:07:55', '2023-05-23 10:08:33', NULL),
(150, '150 send_file.pdf', '2023-05-23', 91, 25, 1, NULL, NULL, 2, '2023-05-23 10:46:54', '2023-05-23 10:47:27', NULL),
(151, '151 send_file.pdf', '2023-05-23', 92, 25, 1, NULL, NULL, 2, '2023-05-23 11:14:22', '2023-05-23 11:15:10', NULL),
(152, '152 send_file.pdf', '2023-05-23', 93, 25, 1, NULL, NULL, 2, '2023-05-23 11:48:39', '2023-05-23 11:49:06', NULL),
(153, '153 send_file.pdf', '2023-05-23', 94, 25, 1, NULL, NULL, 2, '2023-05-23 12:08:37', '2023-05-23 12:09:34', NULL),
(154, '154 send_file.pdf', '2023-05-23', 95, 25, 1, NULL, NULL, 2, '2023-05-23 12:24:05', '2023-05-23 12:25:12', NULL),
(156, '156 send_file.pdf', '2023-05-24', 97, 25, 2, NULL, NULL, 2, '2023-05-24 11:38:04', '2023-05-24 11:38:59', NULL),
(157, NULL, NULL, 98, 25, 0, NULL, NULL, 2, '2023-05-25 06:04:04', '2023-05-25 06:04:04', NULL),
(158, NULL, NULL, 99, 25, 0, NULL, NULL, 2, '2023-05-25 06:04:04', '2023-05-25 06:04:04', NULL),
(159, '159 send_file.pdf', '2023-05-25', 100, 25, 1, NULL, NULL, 2, '2023-05-25 06:04:05', '2023-05-25 06:04:36', NULL),
(160, NULL, '2023-05-25', 101, 25, 1, NULL, NULL, 2, '2023-05-25 06:42:35', '2023-05-25 06:42:45', NULL),
(161, NULL, '2023-05-25', 102, 25, 1, NULL, NULL, 2, '2023-05-25 06:48:21', '2023-05-25 06:48:29', NULL),
(162, NULL, '2023-05-25', 103, 25, 1, NULL, NULL, 2, '2023-05-25 07:07:40', '2023-05-25 07:07:48', NULL),
(163, '163 send_file.pdf', '2023-05-31', 104, 25, 1, NULL, NULL, 2, '2023-05-31 08:43:18', '2023-05-31 08:46:40', NULL),
(164, '164 send_file.pdf', '2023-05-31', 105, 25, 1, NULL, NULL, 2, '2023-05-31 08:55:17', '2023-05-31 08:56:16', NULL),
(165, '165 send_file.pdf', '2023-06-01', 106, 25, 1, NULL, NULL, 2, '2023-06-01 07:29:45', '2023-06-01 07:30:48', NULL),
(166, '166 send_file.pdf', '2023-06-01', 107, 25, 1, NULL, NULL, 2, '2023-06-01 07:39:33', '2023-06-01 07:40:30', NULL),
(167, '167 send_file.pdf', '2023-06-01', 108, 25, 1, NULL, NULL, 2, '2023-06-01 08:12:34', '2023-06-01 08:13:54', NULL),
(168, '168 send_file.pdf', '2023-06-01', 109, 25, 1, NULL, NULL, 2, '2023-06-01 08:24:03', '2023-06-01 08:25:08', NULL),
(169, '169 send_file.pdf', '2023-06-01', 110, 25, 1, NULL, NULL, 2, '2023-06-01 08:33:57', '2023-06-01 08:35:53', NULL),
(170, '170 send_file.pdf', '2023-06-01', 111, 25, 1, NULL, NULL, 2, '2023-06-01 08:44:01', '2023-06-01 08:44:50', NULL),
(171, '171 send_file.pdf', '2023-06-01', 112, 25, 1, NULL, NULL, 2, '2023-06-01 08:51:03', '2023-06-01 08:52:06', NULL),
(172, NULL, '2023-06-01', 113, 25, 1, NULL, NULL, 2, '2023-06-01 09:07:10', '2023-06-01 09:10:03', NULL),
(173, '173 send_file.pdf', '2023-06-01', 114, 25, 2, NULL, NULL, 2, '2023-06-01 09:32:20', '2023-06-01 09:32:41', NULL),
(174, NULL, '2023-06-01', 115, 25, 1, NULL, NULL, 2, '2023-06-01 09:43:10', '2023-06-01 09:44:06', NULL),
(175, '175 send_file.pdf', '2023-06-04', 116, 25, 1, NULL, NULL, 2, '2023-06-04 05:57:58', '2023-06-04 05:58:41', NULL),
(176, NULL, NULL, 117, 25, 0, NULL, NULL, 2, '2023-06-04 06:24:52', '2023-06-04 06:27:57', '2023-06-04 06:27:57'),
(177, '177 send_file.pdf', '2023-06-04', 118, 25, 2, NULL, NULL, 2, '2023-06-04 06:24:52', '2023-06-04 06:25:32', NULL),
(178, '178 send_file.pdf', '2023-06-04', 119, 25, 1, NULL, NULL, 2, '2023-06-04 06:48:38', '2023-06-04 06:50:04', NULL);

-- --------------------------------------------------------

--
-- Table structure for table `request_notes`
--

CREATE TABLE `request_notes` (
  `id` int(11) NOT NULL,
  `notes` varchar(512) NOT NULL,
  `request_id` int(11) NOT NULL,
  `license_id` int(11) NOT NULL,
  `sender` bigint(20) UNSIGNED NOT NULL,
  `created_at` timestamp NULL DEFAULT NULL,
  `updated_at` timestamp NULL DEFAULT NULL,
  `deleted_at` timestamp NULL DEFAULT NULL
) ENGINE=InnoDB DEFAULT CHARSET=utf8mb4 COLLATE=utf8mb4_general_ci;

-- --------------------------------------------------------

--
-- Table structure for table `request_suggested_places`
--

CREATE TABLE `request_suggested_places` (
  `id` int(11) NOT NULL,
  `suggested_places` int(11) NOT NULL,
  `request_id` int(11) NOT NULL,
  `created_at` timestamp NULL DEFAULT NULL,
  `updated_at` timestamp NULL DEFAULT NULL,
  `deleted_at` timestamp NULL DEFAULT NULL
) ENGINE=InnoDB DEFAULT CHARSET=utf8mb4 COLLATE=utf8mb4_general_ci;

--
-- Dumping data for table `request_suggested_places`
--

INSERT INTO `request_suggested_places` (`id`, `suggested_places`, `request_id`, `created_at`, `updated_at`, `deleted_at`) VALUES
(4, 4, 24, '2023-05-14 08:54:57', '2023-05-31 14:27:13', '2023-05-31 14:27:13'),
(5, 5, 34, '2023-05-15 11:04:40', '2023-06-14 05:58:53', '2023-06-14 05:58:53'),
(6, 4, 35, '2023-05-16 08:06:46', '2023-05-16 08:06:46', NULL),
(7, 7, 36, '2023-05-16 09:02:27', '2023-05-16 09:02:27', NULL),
(8, 8, 37, '2023-05-16 09:09:56', '2023-05-16 09:09:56', NULL),
(9, 4, 38, '2023-05-16 09:47:19', '2023-05-16 09:47:19', NULL),
(10, 4, 41, '2023-05-16 10:27:13', '2023-05-16 10:27:13', NULL),
(11, 7, 42, '2023-05-16 10:56:13', '2023-05-16 10:56:13', NULL),
(12, 9, 43, '2023-05-17 06:42:31', '2023-06-14 05:48:55', '2023-06-14 05:48:55'),
(13, 11, 44, '2023-05-17 10:09:03', '2023-06-14 05:48:57', '2023-06-14 05:48:57'),
(14, 11, 45, '2023-05-17 10:46:55', '2023-06-14 05:48:59', '2023-06-14 05:48:59'),
(15, 12, 46, '2023-05-17 10:55:51', '2023-06-14 05:49:03', '2023-06-14 05:49:03'),
(16, 13, 47, '2023-05-17 11:37:41', '2023-06-14 05:49:06', '2023-06-14 05:49:06'),
(17, 10, 48, '2023-05-17 11:51:46', '2023-06-14 05:49:08', '2023-06-14 05:49:08'),
(18, 15, 49, '2023-05-18 05:30:40', '2023-06-14 05:49:10', '2023-06-14 05:49:10'),
(19, 16, 51, '2023-05-18 06:46:31', '2023-06-14 05:49:14', '2023-06-14 05:49:14'),
(20, 7, 52, '2023-05-18 07:00:00', '2023-06-14 05:49:20', '2023-06-14 05:49:20'),
(21, 7, 53, '2023-05-18 07:16:10', '2023-06-14 05:49:22', '2023-06-14 05:49:22'),
(22, 7, 54, '2023-05-18 07:25:34', '2023-06-14 05:49:24', '2023-06-14 05:49:24'),
(23, 7, 55, '2023-05-18 07:37:54', '2023-05-18 07:37:54', NULL),
(24, 17, 56, '2023-05-18 08:40:10', '2023-06-14 05:49:26', '2023-06-14 05:49:26'),
(26, 18, 58, '2023-05-18 09:14:32', '2023-05-18 09:14:32', NULL),
(27, 19, 61, '2023-05-18 10:57:32', '2023-05-18 10:57:32', NULL),
(28, 21, 64, '2023-05-18 11:36:01', '2023-05-18 11:36:01', NULL),
(29, 21, 65, '2023-05-19 08:25:00', '2023-06-14 05:49:33', '2023-06-14 05:49:33'),
(30, 21, 66, '2023-05-19 08:33:04', '2023-06-14 05:49:35', '2023-06-14 05:49:35'),
(31, 20, 67, '2023-05-19 08:54:04', '2023-06-14 05:49:37', '2023-06-14 05:49:37'),
(32, 21, 68, '2023-05-19 09:34:26', '2023-06-14 05:49:39', '2023-06-14 05:49:39'),
(33, 20, 69, '2023-05-19 09:43:01', '2023-05-19 09:43:01', NULL),
(34, 20, 71, '2023-05-19 09:56:11', '2023-06-14 05:49:47', '2023-06-14 05:49:47'),
(35, 21, 72, '2023-05-19 10:06:47', '2023-06-14 05:49:50', '2023-06-14 05:49:50'),
(36, 22, 73, '2023-05-19 10:22:29', '2023-06-14 05:49:52', '2023-06-14 05:49:52'),
(37, 20, 74, '2023-05-19 10:26:10', '2023-06-14 05:49:54', '2023-06-14 05:49:54'),
(38, 23, 75, '2023-05-19 10:36:38', '2023-06-14 05:49:56', '2023-06-14 05:49:56'),
(39, 24, 76, '2023-05-19 10:56:27', '2023-05-19 10:56:27', NULL),
(40, 4, 77, '2023-05-19 11:04:31', '2023-05-19 11:04:31', NULL),
(41, 21, 78, '2023-05-19 11:10:41', '2023-06-14 05:49:59', '2023-06-14 05:49:59'),
(42, 25, 79, '2023-05-19 11:18:10', '2023-06-14 05:50:01', '2023-06-14 05:50:01'),
(43, 4, 80, '2023-05-22 08:35:28', '2023-05-22 08:35:28', NULL),
(44, 4, 81, '2023-05-22 10:41:56', '2023-05-22 10:41:56', NULL),
(45, 4, 82, '2023-05-22 11:14:15', '2023-05-22 11:14:15', NULL),
(46, 17, 84, '2023-05-23 09:15:33', '2023-05-23 09:15:33', NULL),
(47, 27, 87, '2023-05-23 09:51:51', '2023-05-23 09:51:51', NULL),
(48, 28, 87, '2023-05-23 09:51:51', '2023-05-23 09:51:51', NULL),
(49, 4, 88, '2023-05-23 10:07:55', '2023-05-23 10:07:55', NULL),
(50, 4, 91, '2023-05-23 10:46:54', '2023-05-23 10:46:54', NULL),
(51, 4, 92, '2023-05-23 11:14:22', '2023-05-23 11:14:22', NULL),
(52, 4, 93, '2023-05-23 11:48:39', '2023-05-23 11:48:39', NULL),
(53, 4, 94, '2023-05-23 12:08:37', '2023-05-23 12:08:37', NULL),
(54, 4, 95, '2023-05-23 12:24:05', '2023-05-23 12:24:05', NULL),
(56, 21, 97, '2023-05-24 11:38:04', '2023-05-24 11:38:04', NULL),
(57, 4, 98, '2023-05-25 06:04:04', '2023-05-25 06:04:04', NULL),
(58, 4, 99, '2023-05-25 06:04:04', '2023-05-25 06:04:04', NULL),
(59, 4, 100, '2023-05-25 06:04:05', '2023-05-25 06:04:05', NULL),
(60, 4, 101, '2023-05-25 06:42:35', '2023-05-25 06:42:35', NULL),
(61, 4, 102, '2023-05-25 06:48:21', '2023-05-25 06:48:21', NULL),
(62, 4, 103, '2023-05-25 07:07:40', '2023-05-25 07:07:40', NULL),
(63, 29, 104, '2023-05-31 08:43:18', '2023-05-31 08:43:18', NULL),
(64, 4, 105, '2023-05-31 08:55:17', '2023-05-31 08:55:17', NULL),
(65, 20, 106, '2023-06-01 07:29:45', '2023-06-01 07:29:45', NULL),
(66, 26, 107, '2023-06-01 07:39:33', '2023-06-01 07:39:33', NULL),
(67, 4, 108, '2023-06-01 08:12:34', '2023-06-01 08:12:34', NULL),
(68, 4, 109, '2023-06-01 08:24:03', '2023-06-01 08:24:03', NULL),
(69, 4, 110, '2023-06-01 08:33:57', '2023-06-01 08:33:57', NULL),
(70, 4, 111, '2023-06-01 08:44:01', '2023-06-01 08:44:01', NULL),
(71, 4, 112, '2023-06-01 08:51:03', '2023-06-01 08:51:03', NULL),
(72, 4, 113, '2023-06-01 09:07:10', '2023-06-01 09:07:10', NULL),
(73, 4, 114, '2023-06-01 09:32:20', '2023-06-01 09:32:20', NULL),
(74, 4, 115, '2023-06-01 09:43:10', '2023-06-01 09:43:10', NULL),
(75, 4, 116, '2023-06-04 05:57:58', '2023-06-04 05:57:58', NULL),
(76, 4, 117, '2023-06-04 06:24:52', '2023-06-04 06:27:57', '2023-06-04 06:27:57'),
(77, 4, 118, '2023-06-04 06:24:52', '2023-06-04 06:24:52', NULL),
(78, 4, 119, '2023-06-04 06:48:38', '2023-06-04 06:48:38', NULL),
(79, 4, 34, '2023-06-14 05:58:53', '2023-06-14 05:59:09', '2023-06-14 05:59:09'),
(80, 6, 34, '2023-06-14 05:58:53', '2023-06-14 05:59:09', '2023-06-14 05:59:09'),
(81, 7, 34, '2023-06-14 05:59:09', '2023-06-14 05:59:09', NULL),
(82, 14, 34, '2023-06-14 05:59:09', '2023-06-14 05:59:09', NULL);

-- --------------------------------------------------------

--
-- Table structure for table `request_technical_decision`
--

CREATE TABLE `request_technical_decision` (
  `id` int(11) NOT NULL,
  `note` varchar(256) NOT NULL,
  `date` date NOT NULL DEFAULT current_timestamp(),
  `request_id` int(11) NOT NULL,
  `created_at` timestamp NULL DEFAULT NULL,
  `updated_at` timestamp NULL DEFAULT NULL,
  `deleted_at` timestamp NULL DEFAULT NULL
) ENGINE=InnoDB DEFAULT CHARSET=utf8mb4 COLLATE=utf8mb4_general_ci;

-- --------------------------------------------------------

--
-- Table structure for table `roles`
--

CREATE TABLE `roles` (
  `id` bigint(20) UNSIGNED NOT NULL,
  `name` varchar(255) NOT NULL,
  `guard_name` varchar(255) NOT NULL,
  `created_at` timestamp NULL DEFAULT NULL,
  `updated_at` timestamp NULL DEFAULT NULL
) ENGINE=InnoDB DEFAULT CHARSET=utf8mb4 COLLATE=utf8mb4_unicode_ci;

--
-- Dumping data for table `roles`
--

INSERT INTO `roles` (`id`, `name`, `guard_name`, `created_at`, `updated_at`) VALUES
(3, 'super_admin', 'web', '2023-03-06 08:56:15', '2023-03-06 08:56:15'),
(4, 'user', 'web', NULL, NULL),
(5, 'side', 'web', '2023-04-13 11:02:46', '2023-04-13 11:02:46'),
(7, 'technical', 'web', '2023-05-17 14:34:42', '2023-05-17 14:34:42'),
(8, 'city', 'web', '2023-05-17 14:34:55', '2023-05-17 14:34:55'),
(9, 'viewer', 'web', '2023-05-25 13:21:31', '2023-05-25 13:21:31');

-- --------------------------------------------------------

--
-- Table structure for table `role_has_permissions`
--

CREATE TABLE `role_has_permissions` (
  `permission_id` bigint(20) UNSIGNED NOT NULL,
  `role_id` bigint(20) UNSIGNED NOT NULL
) ENGINE=InnoDB DEFAULT CHARSET=utf8mb4 COLLATE=utf8mb4_unicode_ci;

--
-- Dumping data for table `role_has_permissions`
--

INSERT INTO `role_has_permissions` (`permission_id`, `role_id`) VALUES
(1, 3),
(1, 5),
(2, 3),
(2, 5),
(3, 3),
(4, 3),
(5, 3),
(6, 3),
(7, 3),
(8, 3),
(9, 3),
(10, 3),
(11, 3),
(12, 3),
(13, 3),
(14, 3),
(15, 3),
(16, 3),
(17, 3),
(18, 3),
(19, 3),
(20, 3),
(21, 3),
(22, 3),
(23, 3),
(24, 3),
(25, 3),
(26, 3),
(27, 3);

-- --------------------------------------------------------

--
-- Table structure for table `side`
--

CREATE TABLE `side` (
  `id` int(11) NOT NULL,
  `side_name` varchar(255) NOT NULL,
  `created_at` timestamp NULL DEFAULT NULL,
  `updated_at` timestamp NULL DEFAULT NULL
) ENGINE=InnoDB DEFAULT CHARSET=utf8mb4 COLLATE=utf8mb4_general_ci;

-- --------------------------------------------------------

--
-- Table structure for table `sub_category`
--

CREATE TABLE `sub_category` (
  `id` int(11) NOT NULL,
  `name` varchar(50) NOT NULL,
  `category_id` int(11) NOT NULL,
  `created_at` timestamp NULL DEFAULT NULL,
  `updated_at` timestamp NULL DEFAULT NULL
) ENGINE=InnoDB DEFAULT CHARSET=utf8mb4 COLLATE=utf8mb4_general_ci;

--
-- Dumping data for table `sub_category`
--

INSERT INTO `sub_category` (`id`, `name`, `category_id`, `created_at`, `updated_at`) VALUES
(1, 'غذائي', 1, '2023-05-07 08:34:23', '2023-05-07 08:34:23'),
(2, 'كبار مستثمرين صناعي', 1, '2023-05-16 07:29:07', '2023-05-16 07:29:07'),
(3, 'كبار مستثمرين صناعي', 1, '2023-05-16 07:29:37', '2023-05-16 07:29:37'),
(4, 'كبار مستثمرين خدمي', 4, '2023-05-17 06:10:54', '2023-05-17 06:10:54'),
(5, 'محطات وقود', 4, '2023-05-17 11:55:54', '2023-05-17 11:55:54'),
(6, 'تدوير مخلفات', 1, '2023-05-18 09:45:35', '2023-05-18 09:45:35'),
(7, 'دواجن', 2, '2023-05-18 10:44:14', '2023-05-18 10:44:14'),
(8, 'رخام وجرانيت', 4, '2023-05-19 08:20:29', '2023-05-19 08:20:29');

-- --------------------------------------------------------

--
-- Table structure for table `users`
--

CREATE TABLE `users` (
  `id` bigint(20) UNSIGNED NOT NULL,
  `name` varchar(255) NOT NULL,
  `email` varchar(255) NOT NULL,
  `email_verified_at` timestamp NULL DEFAULT NULL,
  `password` varchar(255) NOT NULL,
  `role` bigint(20) NOT NULL,
  `remember_token` varchar(100) DEFAULT NULL,
  `created_at` timestamp NULL DEFAULT NULL,
  `updated_at` timestamp NULL DEFAULT NULL
) ENGINE=InnoDB DEFAULT CHARSET=utf8mb4 COLLATE=utf8mb4_unicode_ci;

--
-- Dumping data for table `users`
--

INSERT INTO `users` (`id`, `name`, `email`, `email_verified_at`, `password`, `role`, `remember_token`, `created_at`, `updated_at`) VALUES
(2, 'admin', 'admin@invest.gov', NULL, '$2y$10$9d/uPN9gJu1jkvt3BVkuSefpE3YHAcYzU7w.af8BIDW2BjXmceVgW', 3, NULL, '2023-01-25 07:40:38', '2023-05-25 10:42:56'),
(29, 'عميد / أحمد دنش', 'invest@isdt.gov', NULL, '$2y$10$gdc55BMqXAP4yUElYNfyk.60X6ZBcQtxe6rUsrAY/xgEiiHFmTkLy', 3, NULL, '2023-04-27 09:43:30', '2023-05-16 06:39:19'),
(30, 'مستخدم الاستثمار', 'user@invest.gov', NULL, '$2y$10$RovC5bNuc624.BfK4rB6qudF71tSW934Jr/mA0bCHK29LKZITRe3i', 4, NULL, '2023-04-30 07:08:39', '2023-04-30 11:53:56'),
(31, 'Abeer', 'abeer@invest.gov', NULL, '$2y$10$5QQPuvxCTVK7Wowm/.zeNexdS3Ab2eWxiH6Uy3iZYHMLycPSX8NMC', 3, NULL, '2023-04-30 11:53:24', '2023-04-30 11:53:24'),
(32, 'لجنة البت الفني', 'tech@invest.gov', NULL, '$2y$10$NvGwimxuc1mLwc2zpJxfi.jxBdDPfGP9k2YB6kT2STMLtkt3MDpBm', 7, NULL, '2023-05-17 14:35:44', '2023-05-17 14:35:44'),
(33, 'مدينة اسوان', 'aswan_city@invest.gov', NULL, '$2y$10$o.XgprnYfI5KJ9aCiviyAeAR9Qdd.SeoKYdQDOmDEYKUhR4efogcW', 8, NULL, '2023-05-25 11:41:34', '2023-05-25 11:41:34'),
(34, 'مدينة دراو', 'draw_city@invest.gov', NULL, '$2y$10$LgPtR25NafqgMEoxYwoQPemA2//iSRAXJwzwLo83GRvTw1PeoyQYy', 8, NULL, '2023-05-31 05:59:46', '2023-05-31 05:59:46'),
(35, 'مدينة نصر النوبة', 'elnouba_city@invest.gov', NULL, '$2y$10$QJZphSGEhZh4I/oSAx3ZoOblWZOp7j7P/9GWGdJn87VofIVP1Im6i', 8, NULL, '2023-05-31 06:01:20', '2023-05-31 06:01:20'),
(36, 'مدينة كوم امبو', 'komombo_city@invest.gov', NULL, '$2y$10$lICBp8EQZM24mK9F4Z4eCuGgw1Bjy3Ng3DcFlrplCwq6Kk0kJ8Vr2', 8, NULL, '2023-05-31 06:07:30', '2023-05-31 06:07:30'),
(37, 'مدينة ادفو', 'edfu_city@invest.gov', NULL, '$2y$10$BMJa7N9t5GXzft3MfP2V1u7.DvCOjiQseGsLSlyvrfp/xGe/gbRzi', 8, NULL, '2023-05-31 06:08:26', '2023-05-31 06:08:26');

-- --------------------------------------------------------

--
-- Table structure for table `user_have_type`
--

CREATE TABLE `user_have_type` (
  `id` bigint(20) UNSIGNED NOT NULL,
  `type_id` bigint(20) UNSIGNED NOT NULL,
  `city_id` int(11) DEFAULT NULL,
  `license_id` int(11) DEFAULT NULL,
  `created_at` timestamp NULL DEFAULT NULL,
  `updated_at` timestamp NULL DEFAULT NULL
) ENGINE=InnoDB DEFAULT CHARSET=utf8mb4 COLLATE=utf8mb4_general_ci;

--
-- Dumping data for table `user_have_type`
--

INSERT INTO `user_have_type` (`id`, `type_id`, `city_id`, `license_id`, `created_at`, `updated_at`) VALUES
(33, 8, 1, NULL, '2023-05-25 11:41:34', '2023-05-25 11:41:34'),
(34, 8, 2, NULL, '2023-05-31 05:59:46', '2023-05-31 05:59:46'),
(35, 8, 4, NULL, '2023-05-31 06:01:20', '2023-05-31 06:01:20'),
(36, 8, 3, NULL, '2023-05-31 06:07:30', '2023-05-31 06:07:30'),
(37, 8, 5, NULL, '2023-05-31 06:08:26', '2023-05-31 06:08:26');

--
-- Indexes for dumped tables
--

--
-- Indexes for table `assets`
--
ALTER TABLE `assets`
  ADD PRIMARY KEY (`id`),
  ADD KEY `city_id` (`city_id`),
  ADD KEY `assets_type_id` (`assets_type_id`),
  ADD KEY `contract_type_id` (`contract_type_id`);

--
-- Indexes for table `assets_type`
--
ALTER TABLE `assets_type`
  ADD PRIMARY KEY (`id`),
  ADD UNIQUE KEY `name` (`name`);

--
-- Indexes for table `auction`
--
ALTER TABLE `auction`
  ADD PRIMARY KEY (`id`);

--
-- Indexes for table `category`
--
ALTER TABLE `category`
  ADD PRIMARY KEY (`id`),
  ADD UNIQUE KEY `name` (`name`);

--
-- Indexes for table `city`
--
ALTER TABLE `city`
  ADD PRIMARY KEY (`id`),
  ADD UNIQUE KEY `name` (`name`),
  ADD KEY `gov_id` (`gov_id`);

--
-- Indexes for table `contract_type`
--
ALTER TABLE `contract_type`
  ADD PRIMARY KEY (`id`),
  ADD UNIQUE KEY `name` (`name`);

--
-- Indexes for table `c_license`
--
ALTER TABLE `c_license`
  ADD PRIMARY KEY (`category_id`,`license_id`),
  ADD KEY `license_id` (`license_id`);

--
-- Indexes for table `export`
--
ALTER TABLE `export`
  ADD PRIMARY KEY (`id`);

--
-- Indexes for table `failed_jobs`
--
ALTER TABLE `failed_jobs`
  ADD PRIMARY KEY (`id`),
  ADD UNIQUE KEY `failed_jobs_uuid_unique` (`uuid`);

--
-- Indexes for table `gov`
--
ALTER TABLE `gov`
  ADD PRIMARY KEY (`id`),
  ADD UNIQUE KEY `name` (`name`);

--
-- Indexes for table `import`
--
ALTER TABLE `import`
  ADD PRIMARY KEY (`id`);

--
-- Indexes for table `license`
--
ALTER TABLE `license`
  ADD PRIMARY KEY (`id`),
  ADD UNIQUE KEY `name` (`name`);

--
-- Indexes for table `migrations`
--
ALTER TABLE `migrations`
  ADD PRIMARY KEY (`id`);

--
-- Indexes for table `model_has_permissions`
--
ALTER TABLE `model_has_permissions`
  ADD PRIMARY KEY (`permission_id`,`model_id`,`model_type`),
  ADD KEY `model_has_permissions_model_id_model_type_index` (`model_id`,`model_type`);

--
-- Indexes for table `model_has_roles`
--
ALTER TABLE `model_has_roles`
  ADD PRIMARY KEY (`role_id`,`model_id`,`model_type`),
  ADD KEY `model_has_roles_model_id_model_type_index` (`model_id`,`model_type`);

--
-- Indexes for table `offer`
--
ALTER TABLE `offer`
  ADD PRIMARY KEY (`id`),
  ADD KEY `assets_id` (`assets_id`),
  ADD KEY `auction_id` (`auction_id`),
  ADD KEY `contract_type_id` (`contract_type_id`);

--
-- Indexes for table `password_resets`
--
ALTER TABLE `password_resets`
  ADD KEY `password_resets_email_index` (`email`);

--
-- Indexes for table `password_reset_tokens`
--
ALTER TABLE `password_reset_tokens`
  ADD PRIMARY KEY (`email`);

--
-- Indexes for table `permissions`
--
ALTER TABLE `permissions`
  ADD PRIMARY KEY (`id`),
  ADD UNIQUE KEY `permissions_name_guard_name_unique` (`name`,`guard_name`);

--
-- Indexes for table `personal_access_tokens`
--
ALTER TABLE `personal_access_tokens`
  ADD PRIMARY KEY (`id`),
  ADD UNIQUE KEY `personal_access_tokens_token_unique` (`token`),
  ADD KEY `personal_access_tokens_tokenable_type_tokenable_id_index` (`tokenable_type`,`tokenable_id`);

--
-- Indexes for table `place`
--
ALTER TABLE `place`
  ADD PRIMARY KEY (`id`),
  ADD KEY `city_id` (`city_id`),
  ADD KEY `place_ibfk_1` (`place_category_id`);

--
-- Indexes for table `project`
--
ALTER TABLE `project`
  ADD PRIMARY KEY (`id`),
  ADD KEY `request_id` (`request_id`),
  ADD KEY `place_id` (`place_id`);

--
-- Indexes for table `request`
--
ALTER TABLE `request`
  ADD PRIMARY KEY (`id`),
  ADD KEY `sub_ctegory_id` (`sub_category_id`),
  ADD KEY `city_id` (`city_id`),
  ADD KEY `category_id` (`category_id`);

--
-- Indexes for table `request_license`
--
ALTER TABLE `request_license`
  ADD PRIMARY KEY (`id`),
  ADD KEY `license_id` (`license_id`),
  ADD KEY `request_id` (`request_id`);

--
-- Indexes for table `request_notes`
--
ALTER TABLE `request_notes`
  ADD PRIMARY KEY (`id`),
  ADD KEY `request_id` (`request_id`),
  ADD KEY `license_id` (`license_id`),
  ADD KEY `sender` (`sender`);

--
-- Indexes for table `request_suggested_places`
--
ALTER TABLE `request_suggested_places`
  ADD PRIMARY KEY (`id`),
  ADD KEY `request_suggested_places_ibfk_1` (`request_id`),
  ADD KEY `suggested_places` (`suggested_places`);

--
-- Indexes for table `request_technical_decision`
--
ALTER TABLE `request_technical_decision`
  ADD PRIMARY KEY (`id`),
  ADD KEY `request_id` (`request_id`);

--
-- Indexes for table `roles`
--
ALTER TABLE `roles`
  ADD PRIMARY KEY (`id`),
  ADD UNIQUE KEY `roles_name_guard_name_unique` (`name`,`guard_name`);

--
-- Indexes for table `role_has_permissions`
--
ALTER TABLE `role_has_permissions`
  ADD PRIMARY KEY (`permission_id`,`role_id`),
  ADD KEY `role_has_permissions_role_id_foreign` (`role_id`);

--
-- Indexes for table `side`
--
ALTER TABLE `side`
  ADD PRIMARY KEY (`id`),
  ADD UNIQUE KEY `id` (`id`,`side_name`);

--
-- Indexes for table `sub_category`
--
ALTER TABLE `sub_category`
  ADD PRIMARY KEY (`id`),
  ADD KEY `category_id` (`category_id`);

--
-- Indexes for table `users`
--
ALTER TABLE `users`
  ADD PRIMARY KEY (`id`),
  ADD UNIQUE KEY `users_email_unique` (`email`);

--
-- Indexes for table `user_have_type`
--
ALTER TABLE `user_have_type`
  ADD UNIQUE KEY `user_id` (`id`),
  ADD KEY `city_id` (`city_id`),
  ADD KEY `licnece_id` (`license_id`),
  ADD KEY `type_id` (`type_id`);

--
-- AUTO_INCREMENT for dumped tables
--

--
-- AUTO_INCREMENT for table `assets`
--
ALTER TABLE `assets`
  MODIFY `id` int(11) NOT NULL AUTO_INCREMENT, AUTO_INCREMENT=45;

--
-- AUTO_INCREMENT for table `assets_type`
--
ALTER TABLE `assets_type`
  MODIFY `id` int(11) NOT NULL AUTO_INCREMENT, AUTO_INCREMENT=5;

--
-- AUTO_INCREMENT for table `auction`
--
ALTER TABLE `auction`
  MODIFY `id` int(11) NOT NULL AUTO_INCREMENT, AUTO_INCREMENT=22;

--
-- AUTO_INCREMENT for table `category`
--
ALTER TABLE `category`
  MODIFY `id` int(11) NOT NULL AUTO_INCREMENT, AUTO_INCREMENT=5;

--
-- AUTO_INCREMENT for table `city`
--
ALTER TABLE `city`
  MODIFY `id` int(11) NOT NULL AUTO_INCREMENT, AUTO_INCREMENT=10;

--
-- AUTO_INCREMENT for table `contract_type`
--
ALTER TABLE `contract_type`
  MODIFY `id` int(11) NOT NULL AUTO_INCREMENT, AUTO_INCREMENT=4;

--
-- AUTO_INCREMENT for table `c_license`
--
ALTER TABLE `c_license`
  MODIFY `category_id` int(11) NOT NULL AUTO_INCREMENT, AUTO_INCREMENT=3;

--
-- AUTO_INCREMENT for table `export`
--
ALTER TABLE `export`
  MODIFY `id` int(11) NOT NULL AUTO_INCREMENT, AUTO_INCREMENT=2;

--
-- AUTO_INCREMENT for table `failed_jobs`
--
ALTER TABLE `failed_jobs`
  MODIFY `id` bigint(20) UNSIGNED NOT NULL AUTO_INCREMENT;

--
-- AUTO_INCREMENT for table `gov`
--
ALTER TABLE `gov`
  MODIFY `id` int(11) NOT NULL AUTO_INCREMENT, AUTO_INCREMENT=4;

--
-- AUTO_INCREMENT for table `import`
--
ALTER TABLE `import`
  MODIFY `id` int(11) NOT NULL AUTO_INCREMENT, AUTO_INCREMENT=6;

--
-- AUTO_INCREMENT for table `license`
--
ALTER TABLE `license`
  MODIFY `id` int(11) NOT NULL AUTO_INCREMENT, AUTO_INCREMENT=29;

--
-- AUTO_INCREMENT for table `migrations`
--
ALTER TABLE `migrations`
  MODIFY `id` int(10) UNSIGNED NOT NULL AUTO_INCREMENT, AUTO_INCREMENT=9;

--
-- AUTO_INCREMENT for table `offer`
--
ALTER TABLE `offer`
  MODIFY `id` int(11) NOT NULL AUTO_INCREMENT, AUTO_INCREMENT=23;

--
-- AUTO_INCREMENT for table `permissions`
--
ALTER TABLE `permissions`
  MODIFY `id` bigint(20) UNSIGNED NOT NULL AUTO_INCREMENT, AUTO_INCREMENT=29;

--
-- AUTO_INCREMENT for table `personal_access_tokens`
--
ALTER TABLE `personal_access_tokens`
  MODIFY `id` bigint(20) UNSIGNED NOT NULL AUTO_INCREMENT;

--
-- AUTO_INCREMENT for table `place`
--
ALTER TABLE `place`
  MODIFY `id` int(11) NOT NULL AUTO_INCREMENT, AUTO_INCREMENT=30;

--
-- AUTO_INCREMENT for table `project`
--
ALTER TABLE `project`
  MODIFY `id` int(11) NOT NULL AUTO_INCREMENT, AUTO_INCREMENT=118;

--
-- AUTO_INCREMENT for table `request`
--
ALTER TABLE `request`
  MODIFY `id` int(11) NOT NULL AUTO_INCREMENT, AUTO_INCREMENT=120;

--
-- AUTO_INCREMENT for table `request_license`
--
ALTER TABLE `request_license`
  MODIFY `id` int(11) NOT NULL AUTO_INCREMENT, AUTO_INCREMENT=179;

--
-- AUTO_INCREMENT for table `request_notes`
--
ALTER TABLE `request_notes`
  MODIFY `id` int(11) NOT NULL AUTO_INCREMENT, AUTO_INCREMENT=26;

--
-- AUTO_INCREMENT for table `request_suggested_places`
--
ALTER TABLE `request_suggested_places`
  MODIFY `id` int(11) NOT NULL AUTO_INCREMENT, AUTO_INCREMENT=83;

--
-- AUTO_INCREMENT for table `request_technical_decision`
--
ALTER TABLE `request_technical_decision`
  MODIFY `id` int(11) NOT NULL AUTO_INCREMENT, AUTO_INCREMENT=10;

--
-- AUTO_INCREMENT for table `roles`
--
ALTER TABLE `roles`
  MODIFY `id` bigint(20) UNSIGNED NOT NULL AUTO_INCREMENT, AUTO_INCREMENT=10;

--
-- AUTO_INCREMENT for table `side`
--
ALTER TABLE `side`
  MODIFY `id` int(11) NOT NULL AUTO_INCREMENT;

--
-- AUTO_INCREMENT for table `sub_category`
--
ALTER TABLE `sub_category`
  MODIFY `id` int(11) NOT NULL AUTO_INCREMENT, AUTO_INCREMENT=9;

--
-- AUTO_INCREMENT for table `users`
--
ALTER TABLE `users`
  MODIFY `id` bigint(20) UNSIGNED NOT NULL AUTO_INCREMENT, AUTO_INCREMENT=38;

--
-- Constraints for dumped tables
--

--
-- Constraints for table `assets`
--
ALTER TABLE `assets`
  ADD CONSTRAINT `assets_ibfk_1` FOREIGN KEY (`city_id`) REFERENCES `city` (`id`),
  ADD CONSTRAINT `assets_ibfk_2` FOREIGN KEY (`assets_type_id`) REFERENCES `assets_type` (`id`),
  ADD CONSTRAINT `assets_ibfk_3` FOREIGN KEY (`contract_type_id`) REFERENCES `contract_type` (`id`);

--
-- Constraints for table `city`
--
ALTER TABLE `city`
  ADD CONSTRAINT `city_ibfk_1` FOREIGN KEY (`gov_id`) REFERENCES `gov` (`id`);

--
-- Constraints for table `c_license`
--
ALTER TABLE `c_license`
  ADD CONSTRAINT `c_license_ibfk_1` FOREIGN KEY (`category_id`) REFERENCES `category` (`id`),
  ADD CONSTRAINT `c_license_ibfk_2` FOREIGN KEY (`license_id`) REFERENCES `license` (`id`);

--
-- Constraints for table `model_has_permissions`
--
ALTER TABLE `model_has_permissions`
  ADD CONSTRAINT `model_has_permissions_permission_id_foreign` FOREIGN KEY (`permission_id`) REFERENCES `permissions` (`id`) ON DELETE CASCADE;

--
-- Constraints for table `model_has_roles`
--
ALTER TABLE `model_has_roles`
  ADD CONSTRAINT `model_has_roles_ibfk_1` FOREIGN KEY (`model_id`) REFERENCES `users` (`id`),
  ADD CONSTRAINT `model_has_roles_role_id_foreign` FOREIGN KEY (`role_id`) REFERENCES `roles` (`id`) ON DELETE CASCADE;

--
-- Constraints for table `offer`
--
ALTER TABLE `offer`
  ADD CONSTRAINT `offer_ibfk_1` FOREIGN KEY (`assets_id`) REFERENCES `assets` (`id`),
  ADD CONSTRAINT `offer_ibfk_2` FOREIGN KEY (`auction_id`) REFERENCES `auction` (`id`),
  ADD CONSTRAINT `offer_ibfk_3` FOREIGN KEY (`contract_type_id`) REFERENCES `contract_type` (`id`);

--
-- Constraints for table `place`
--
ALTER TABLE `place`
  ADD CONSTRAINT `place_ibfk_1` FOREIGN KEY (`place_category_id`) REFERENCES `category` (`id`),
  ADD CONSTRAINT `place_ibfk_2` FOREIGN KEY (`city_id`) REFERENCES `city` (`id`);

--
-- Constraints for table `project`
--
ALTER TABLE `project`
  ADD CONSTRAINT `project_ibfk_1` FOREIGN KEY (`request_id`) REFERENCES `request` (`id`),
  ADD CONSTRAINT `project_ibfk_2` FOREIGN KEY (`place_id`) REFERENCES `place` (`id`);

--
-- Constraints for table `request`
--
ALTER TABLE `request`
  ADD CONSTRAINT `request_ibfk_1` FOREIGN KEY (`sub_category_id`) REFERENCES `sub_category` (`id`),
  ADD CONSTRAINT `request_ibfk_2` FOREIGN KEY (`city_id`) REFERENCES `city` (`id`),
  ADD CONSTRAINT `request_ibfk_3` FOREIGN KEY (`category_id`) REFERENCES `category` (`id`);

--
-- Constraints for table `request_license`
--
ALTER TABLE `request_license`
  ADD CONSTRAINT `request_license_ibfk_1` FOREIGN KEY (`license_id`) REFERENCES `license` (`id`),
  ADD CONSTRAINT `request_license_ibfk_2` FOREIGN KEY (`request_id`) REFERENCES `request` (`id`);

--
-- Constraints for table `request_notes`
--
ALTER TABLE `request_notes`
  ADD CONSTRAINT `request_notes_ibfk_1` FOREIGN KEY (`request_id`) REFERENCES `request` (`id`),
  ADD CONSTRAINT `request_notes_ibfk_2` FOREIGN KEY (`license_id`) REFERENCES `license` (`id`),
  ADD CONSTRAINT `request_notes_ibfk_3` FOREIGN KEY (`sender`) REFERENCES `users` (`id`);

--
-- Constraints for table `request_suggested_places`
--
ALTER TABLE `request_suggested_places`
  ADD CONSTRAINT `request_suggested_places_ibfk_1` FOREIGN KEY (`request_id`) REFERENCES `request` (`id`),
  ADD CONSTRAINT `request_suggested_places_ibfk_2` FOREIGN KEY (`suggested_places`) REFERENCES `place` (`id`);

--
-- Constraints for table `request_technical_decision`
--
ALTER TABLE `request_technical_decision`
  ADD CONSTRAINT `request_technical_decision_ibfk_1` FOREIGN KEY (`request_id`) REFERENCES `request` (`id`);

--
-- Constraints for table `role_has_permissions`
--
ALTER TABLE `role_has_permissions`
  ADD CONSTRAINT `role_has_permissions_permission_id_foreign` FOREIGN KEY (`permission_id`) REFERENCES `permissions` (`id`) ON DELETE CASCADE,
  ADD CONSTRAINT `role_has_permissions_role_id_foreign` FOREIGN KEY (`role_id`) REFERENCES `roles` (`id`) ON DELETE CASCADE;

--
-- Constraints for table `sub_category`
--
ALTER TABLE `sub_category`
  ADD CONSTRAINT `sub_category_ibfk_1` FOREIGN KEY (`category_id`) REFERENCES `category` (`id`);

--
-- Constraints for table `user_have_type`
--
ALTER TABLE `user_have_type`
  ADD CONSTRAINT `user_have_type_ibfk_2` FOREIGN KEY (`id`) REFERENCES `users` (`id`),
  ADD CONSTRAINT `user_have_type_ibfk_3` FOREIGN KEY (`city_id`) REFERENCES `city` (`id`),
  ADD CONSTRAINT `user_have_type_ibfk_4` FOREIGN KEY (`license_id`) REFERENCES `license` (`id`),
  ADD CONSTRAINT `user_have_type_ibfk_5` FOREIGN KEY (`type_id`) REFERENCES `roles` (`id`);
COMMIT;

/*!40101 SET CHARACTER_SET_CLIENT=@OLD_CHARACTER_SET_CLIENT */;
/*!40101 SET CHARACTER_SET_RESULTS=@OLD_CHARACTER_SET_RESULTS */;
/*!40101 SET COLLATION_CONNECTION=@OLD_COLLATION_CONNECTION */;
